timestamp,temperature,humidity,pressure,altitude
28:06:2026 01:54,18.5,89.9,919.5,811.4
28:06:2026 01:55,18.5,90.0,919.5,811.8
28:06:2026 01:56,18.5,89.8,919.5,811.9
28:06:2026 01:58,18.4,89.5,919.4,812.5
28:06:2026 01:59,18.4,89.6,919.3,812.9
28:06:2026 02:00,18.4,89.7,919.3,813.0
28:06:2026 02:01,18.4,89.7,919.3,812.9
28:06:2026 02:02,18.4,89.9,919.3,812.9
28:06:2026 02:03,18.4,89.8,919.3,812.9
28:06:2026 02:04,18.3,90.0,919.3,813.1
28:06:2026 02:05,18.3,90.0,919.3,813.2
28:06:2026 02:06,18.3,90.1,919.3,813.3
28:06:2026 02:07,18.3,90.1,919.3,813.2
28:06:2026 02:08,18.3,90.2,919.4,812.9
28:06:2026 02:10,18.3,90.4,919.4,812.3
28:06:2026 02:11,18.3,90.1,919.5,811.8
28:06:2026 02:12,18.3,90.0,919.5,811.5
28:06:2026 02:13,18.3,90.1,919.5,811.6
28:06:2026 02:14,18.2,89.9,919.5,811.9
28:06:2026 02:15,18.2,90.3,919.5,811.8
28:06:2026 02:16,18.2,90.3,919.4,812.2
28:06:2026 02:17,18.2,90.2,919.4,812.1
28:06:2026 02:18,18.2,90.6,919.4,812.2
28:06:2026 02:19,18.2,90.6,919.4,812.3
28:06:2026 02:20,18.2,90.7,919.5,811.9
28:06:2026 02:22,18.2,90.3,919.5,812.0
28:06:2026 02:23,18.2,90.5,919.5,811.9
28:06:2026 02:24,18.2,90.2,919.4,812.2
28:06:2026 02:25,18.2,90.5,919.4,812.8
28:06:2026 02:26,18.1,90.3,919.3,813.2
28:06:2026 02:27,18.1,90.4,919.3,813.5
28:06:2026 02:28,18.1,90.4,919.3,813.7
28:06:2026 02:29,18.1,90.3,919.3,813.7
28:06:2026 02:30,18.1,90.3,919.3,813.6
28:06:2026 02:31,18.1,90.5,919.3,813.4
28:06:2026 02:33,18.1,90.1,919.3,813.2
28:06:2026 02:34,18.1,90.5,919.3,813.2
28:06:2026 02:35,18.1,90.5,919.3,813.2
28:06:2026 02:36,18.1,90.7,919.3,813.0
28:06:2026 02:37,18.1,90.6,919.3,812.9
28:06:2026 02:38,18.1,90.6,919.3,813.2
28:06:2026 02:39,18.1,90.8,919.3,813.0
28:06:2026 02:40,18.1,90.7,919.3,813.2
28:06:2026 02:41,18.1,90.4,919.3,813.4
28:06:2026 02:42,18.1,90.4,919.3,813.7
28:06:2026 02:43,18.1,90.3,919.2,814.2
28:06:2026 02:45,18.1,90.6,919.2,814.4
28:06:2026 02:46,18.1,90.1,919.2,814.5
28:06:2026 02:47,18.1,90.5,919.2,814.4
28:06:2026 02:48,18.1,90.4,919.2,814.4
28:06:2026 02:49,18.1,90.4,919.1,814.7
28:06:2026 02:50,18.1,90.6,919.2,814.6
28:06:2026 02:51,18.1,90.4,919.2,814.6
28:06:2026 02:52,18.0,90.2,919.2,814.2
28:06:2026 02:53,18.0,90.5,919.2,814.1
28:06:2026 02:54,18.0,90.7,919.2,813.9
28:06:2026 02:55,18.0,90.9,919.3,813.4
28:06:2026 02:57,18.0,90.6,919.3,813.3
28:06:2026 02:58,18.0,90.8,919.3,813.3
28:06:2026 02:59,18.0,90.8,919.3,813.4
28:06:2026 03:00,18.0,90.7,919.3,813.7
28:06:2026 03:01,18.0,90.9,919.3,813.4
28:06:2026 03:02,18.0,91.0,919.3,813.4
28:06:2026 03:03,18.0,90.8,919.3,813.6
28:06:2026 03:04,18.0,91.0,919.2,813.8
28:06:2026 03:05,18.0,91.0,919.3,813.6
28:06:2026 03:06,18.0,90.8,919.2,814.0
28:06:2026 03:08,18.0,91.2,919.2,813.8
28:06:2026 03:09,18.0,91.1,919.2,814.3
28:06:2026 03:10,18.0,91.0,919.1,815.0
28:06:2026 03:11,18.0,91.1,919.1,815.4
28:06:2026 03:12,18.0,91.1,919.0,815.8
28:06:2026 03:13,18.0,90.8,919.0,816.2
28:06:2026 03:14,18.0,91.0,918.9,816.6
28:06:2026 03:15,18.0,90.7,918.9,817.0
28:06:2026 03:16,18.0,90.6,918.9,816.9
28:06:2026 03:17,18.0,90.8,919.0,816.2
28:06:2026 03:19,17.9,91.1,919.0,815.8
28:06:2026 03:20,18.0,90.9,919.1,815.5
28:06:2026 03:21,17.9,90.9,919.1,815.5
28:06:2026 03:22,17.9,91.3,919.1,815.1
28:06:2026 03:23,17.9,91.0,919.1,815.3
28:06:2026 03:24,17.9,91.2,919.1,814.7
28:06:2026 03:25,17.9,91.3,919.2,814.0
28:06:2026 03:26,17.9,91.4,919.3,813.7
28:06:2026 03:27,17.9,91.4,919.3,813.2
28:06:2026 03:28,17.9,91.5,919.3,813.0
28:06:2026 03:29,17.8,91.6,919.3,813.0
28:06:2026 03:31,17.9,91.6,919.3,813.0
28:06:2026 03:32,17.9,91.5,919.3,813.1
28:06:2026 03:33,17.9,91.4,919.3,813.0
28:06:2026 03:34,17.9,91.4,919.3,813.0
28:06:2026 03:35,17.9,91.2,919.3,813.2
28:06:2026 03:36,17.9,91.3,919.3,813.4
28:06:2026 03:37,17.9,91.3,919.3,813.7
28:06:2026 03:38,17.9,91.1,919.2,814.2
28:06:2026 03:39,17.9,91.2,919.2,814.6
28:06:2026 03:40,17.9,91.2,919.1,815.1
28:06:2026 03:42,17.8,91.3,919.0,815.8
28:06:2026 03:43,17.9,91.1,919.0,816.1
28:06:2026 03:44,17.8,91.3,919.0,816.0
28:06:2026 03:45,17.8,91.1,919.0,815.8
28:06:2026 03:46,17.8,91.6,919.0,815.7
28:06:2026 03:47,17.8,91.5,919.0,816.0
28:06:2026 03:48,17.8,91.6,918.9,816.6
28:06:2026 03:49,17.8,91.4,918.9,817.3
28:06:2026 03:50,17.8,91.4,918.8,817.7
28:06:2026 03:51,17.8,91.3,918.8,818.1
28:06:2026 03:52,17.8,91.3,918.8,818.1
28:06:2026 03:54,17.8,91.4,918.7,818.5
28:06:2026 03:55,17.8,91.3,918.7,818.8
28:06:2026 03:56,17.8,91.5,918.6,819.4
28:06:2026 03:57,17.8,91.4,918.6,820.0
28:06:2026 03:58,17.8,91.3,918.5,820.3
28:06:2026 03:59,17.8,91.4,918.5,820.8
28:06:2026 04:00,17.8,91.4,918.4,821.2
28:06:2026 04:01,17.8,91.5,918.4,821.3
28:06:2026 04:02,17.8,91.5,918.4,821.2
28:06:2026 04:03,17.8,91.3,918.5,820.9
28:06:2026 04:05,17.8,91.5,918.5,820.9
28:06:2026 04:06,17.8,91.8,918.5,820.7
28:06:2026 04:07,17.8,91.8,918.5,821.0
28:06:2026 04:08,17.7,91.9,918.4,821.0
28:06:2026 04:09,17.7,92.0,918.5,820.9
28:06:2026 04:10,17.7,92.1,918.5,820.7
28:06:2026 04:11,17.7,92.1,918.5,820.7
28:06:2026 04:12,17.7,92.1,918.5,820.5
28:06:2026 04:13,17.7,92.2,918.5,820.6
28:06:2026 04:14,17.7,92.1,918.5,820.3
28:06:2026 04:15,17.7,92.0,918.5,820.6
28:06:2026 04:17,17.7,92.0,918.5,820.6
28:06:2026 04:18,17.7,91.9,918.5,821.0
28:06:2026 04:19,17.7,91.9,918.5,820.9
28:06:2026 04:20,17.7,91.7,918.4,821.2
28:06:2026 04:21,17.7,91.8,918.4,821.2
28:06:2026 04:22,17.7,91.6,918.4,821.5
28:06:2026 04:23,17.7,91.7,918.4,821.6
28:06:2026 04:24,17.7,91.7,918.4,821.8
28:06:2026 04:25,17.7,91.7,918.3,821.9
28:06:2026 04:26,17.7,91.7,918.3,822.0
28:06:2026 04:27,17.7,91.6,918.3,822.2
28:06:2026 04:29,17.7,91.6,918.3,822.1
28:06:2026 04:30,17.7,91.7,918.3,822.0
28:06:2026 04:31,17.8,91.5,918.3,822.0
28:06:2026 04:32,17.7,91.5,918.4,821.8
28:06:2026 04:33,17.8,91.5,918.4,821.8
28:06:2026 04:34,17.7,91.7,918.4,821.4
28:06:2026 04:35,17.7,91.6,918.4,821.3
28:06:2026 04:36,17.8,91.5,918.4,821.3
28:06:2026 04:37,17.7,91.5,918.4,821.3
28:06:2026 04:38,17.7,91.6,918.4,821.5
28:06:2026 04:40,17.7,91.6,918.4,821.8
28:06:2026 04:41,17.8,91.4,918.3,822.2
28:06:2026 04:42,17.8,91.4,918.3,822.5
28:06:2026 04:43,17.8,91.2,918.2,822.9
28:06:2026 04:44,17.8,91.3,918.2,823.6
28:06:2026 04:45,17.8,91.4,918.1,823.9
28:06:2026 04:46,17.7,91.4,918.1,824.5
28:06:2026 04:47,17.8,91.3,918.0,824.8
28:06:2026 04:48,17.7,91.4,918.0,824.6
28:06:2026 04:49,17.7,91.4,918.1,824.5
28:06:2026 04:50,17.7,91.4,918.1,824.5
28:06:2026 04:52,17.7,91.4,918.1,824.1
28:06:2026 04:53,17.7,91.4,918.2,823.4
28:06:2026 04:54,17.7,91.5,918.2,823.2
28:06:2026 04:55,17.7,91.5,918.2,823.1
28:06:2026 04:56,17.7,91.6,918.2,822.9
28:06:2026 04:57,17.7,91.6,918.2,823.0
28:06:2026 04:58,17.7,91.7,918.2,822.9
28:06:2026 04:59,17.6,91.7,918.2,822.9
28:06:2026 05:00,17.7,91.7,918.2,823.2
28:06:2026 05:01,17.6,91.6,918.2,823.5
28:06:2026 05:02,17.7,91.6,918.2,823.2
28:06:2026 05:04,17.6,91.7,918.2,823.2
28:06:2026 05:05,17.6,91.7,918.2,823.1
28:06:2026 05:06,17.6,91.7,918.2,823.1
28:06:2026 05:07,17.6,91.7,918.2,823.2
28:06:2026 05:08,17.6,91.6,918.2,823.2
28:06:2026 05:09,17.6,91.7,918.2,823.3
28:06:2026 05:10,17.6,91.7,918.2,823.2
28:06:2026 05:11,17.6,91.8,918.2,823.2
28:06:2026 05:12,17.6,91.7,918.2,823.1
28:06:2026 05:13,17.6,91.7,918.2,823.1
28:06:2026 05:14,17.6,91.6,918.2,823.2
28:06:2026 05:16,17.6,91.7,918.2,823.1
28:06:2026 05:17,17.6,92.0,918.2,823.3
28:06:2026 05:18,17.6,92.0,918.2,823.3
28:06:2026 05:19,17.5,92.0,918.2,823.1
28:06:2026 05:20,17.6,92.1,918.2,823.1
28:06:2026 05:21,17.5,92.0,918.2,823.3
28:06:2026 05:22,17.6,92.0,918.2,823.3
28:06:2026 05:23,17.6,92.0,918.2,823.2
28:06:2026 05:24,17.5,92.1,918.2,823.4
28:06:2026 05:25,17.6,92.1,918.2,823.5
28:06:2026 05:27,17.5,92.1,918.2,823.6
28:06:2026 05:28,17.5,92.1,918.1,823.7
28:06:2026 05:29,17.6,92.1,918.1,823.8
28:06:2026 05:30,17.5,92.1,918.1,824.0
28:06:2026 05:31,17.5,92.1,918.1,824.2
28:06:2026 05:32,17.5,92.1,918.1,824.1
28:06:2026 05:33,17.5,92.0,918.1,824.0
28:06:2026 05:34,17.6,92.1,918.1,824.2
28:06:2026 05:35,17.6,92.0,918.1,824.1
28:06:2026 05:36,17.6,91.9,918.1,824.1
28:06:2026 05:37,17.6,91.9,918.1,824.1
28:06:2026 05:39,17.6,91.9,918.1,824.1
28:06:2026 05:40,17.6,91.8,918.1,824.1
28:06:2026 05:41,17.5,92.0,918.1,824.0
28:06:2026 05:42,17.6,92.0,918.1,824.2
28:06:2026 05:43,17.5,92.1,918.1,823.9
28:06:2026 05:44,17.6,92.0,918.1,823.8
28:06:2026 05:45,17.5,92.0,918.2,823.5
28:06:2026 05:46,17.6,91.9,918.2,823.1
28:06:2026 05:47,17.6,91.9,918.3,822.7
28:06:2026 05:48,17.6,91.9,918.3,822.4
28:06:2026 05:50,17.6,91.8,918.3,822.2
28:06:2026 05:51,17.6,91.9,918.3,822.4
28:06:2026 05:52,17.6,91.9,918.3,822.6
28:06:2026 05:53,17.5,91.9,918.2,822.8
28:06:2026 05:54,17.5,91.9,918.3,822.6
28:06:2026 05:55,17.6,92.0,918.3,822.6
28:06:2026 05:56,17.5,92.0,918.3,822.6
28:06:2026 05:57,17.5,92.0,918.2,822.8
28:06:2026 05:58,17.5,92.0,918.2,823.0
28:06:2026 05:59,17.5,92.0,918.2,822.8
28:06:2026 06:00,17.5,91.8,918.2,823.1
28:06:2026 06:02,17.5,92.0,918.2,823.0
28:06:2026 06:03,17.5,91.9,918.2,823.2
28:06:2026 06:04,17.5,92.0,918.2,823.3
28:06:2026 06:05,17.5,91.9,918.2,823.4
28:06:2026 06:06,17.5,92.0,918.2,823.1
28:06:2026 06:07,17.5,91.9,918.2,823.2
28:06:2026 06:08,17.5,91.9,918.2,823.2
28:06:2026 06:09,17.5,92.0,918.2,823.0
28:06:2026 06:10,17.5,92.0,918.2,823.0
28:06:2026 06:11,17.5,92.0,918.3,822.8
28:06:2026 06:13,17.5,92.0,918.3,822.6
28:06:2026 06:14,17.5,92.0,918.3,822.5
28:06:2026 06:15,17.5,92.0,918.3,822.4
28:06:2026 06:16,17.5,92.0,918.3,822.3
28:06:2026 06:17,17.5,92.0,918.3,822.2
28:06:2026 06:18,17.5,92.0,918.3,822.1
28:06:2026 06:19,17.5,91.9,918.3,822.1
28:06:2026 06:20,17.5,91.8,918.3,822.1
28:06:2026 06:21,17.5,91.9,918.3,822.2
28:06:2026 06:22,17.5,91.9,918.3,822.2
28:06:2026 06:23,17.5,92.0,918.3,822.1
28:06:2026 06:25,17.5,92.0,918.3,822.2
28:06:2026 06:26,17.5,92.1,918.3,821.9
28:06:2026 06:27,17.4,92.2,918.4,821.7
28:06:2026 06:28,17.5,92.1,918.4,821.6
28:06:2026 06:29,17.5,92.1,918.4,821.5
28:06:2026 06:30,17.5,92.2,918.4,821.2
28:06:2026 06:31,17.4,92.1,918.5,820.9
28:06:2026 06:32,17.4,92.1,918.4,821.1
28:06:2026 06:33,17.4,92.1,918.4,821.1
28:06:2026 06:34,17.5,92.0,918.4,821.1
28:06:2026 06:36,17.5,91.9,918.4,821.2
28:06:2026 06:37,17.4,92.0,918.4,821.0
28:06:2026 06:38,17.4,92.0,918.4,821.2
28:06:2026 06:39,17.4,92.0,918.4,821.2
28:06:2026 06:40,17.4,92.1,918.4,821.2
28:06:2026 06:41,17.4,92.0,918.5,820.9
28:06:2026 06:42,17.4,92.1,918.4,821.0
28:06:2026 06:43,17.4,92.1,918.4,821.0
28:06:2026 06:44,17.4,92.1,918.5,820.6
28:06:2026 06:45,17.4,92.1,918.5,820.4
28:06:2026 06:47,17.4,92.1,918.5,820.3
28:06:2026 06:48,17.4,92.1,918.6,819.9
28:06:2026 06:49,17.4,92.1,918.6,819.8
28:06:2026 06:50,17.4,92.0,918.6,819.7
28:06:2026 06:51,17.4,91.9,918.6,819.5
28:06:2026 06:52,17.4,91.9,918.6,819.9
28:06:2026 06:53,17.4,91.9,918.6,819.5
28:06:2026 06:54,17.4,92.0,918.6,819.3
28:06:2026 06:55,17.3,92.1,918.7,819.1
28:06:2026 06:56,17.3,92.1,918.7,818.8
28:06:2026 06:57,17.4,92.0,918.7,818.5
28:06:2026 06:59,17.4,92.0,918.8,818.1
28:06:2026 07:00,17.4,92.0,918.8,818.0
28:06:2026 07:01,17.4,92.0,918.8,818.0
28:06:2026 07:02,17.4,91.9,918.8,817.9
28:06:2026 07:03,17.4,91.9,918.8,818.1
28:06:2026 07:04,17.4,91.8,918.8,817.8
28:06:2026 07:05,17.4,91.8,918.8,817.7
28:06:2026 07:06,17.4,91.9,918.8,817.5
28:06:2026 07:07,17.4,91.9,918.9,817.3
28:06:2026 07:08,17.4,91.9,918.9,817.3
28:06:2026 07:10,17.4,91.8,918.9,817.0
28:06:2026 07:11,17.4,91.9,918.8,817.4
28:06:2026 07:12,17.4,91.8,918.8,817.4
28:06:2026 07:13,17.4,91.8,918.8,817.7
28:06:2026 07:14,17.4,91.7,918.8,818.0
28:06:2026 07:15,17.4,91.7,918.8,818.1
28:06:2026 07:16,17.4,91.8,918.7,818.4
28:06:2026 07:17,17.4,91.9,918.7,818.5
28:06:2026 07:18,17.4,91.8,918.7,818.5
28:06:2026 07:19,17.4,91.8,918.7,818.8
28:06:2026 07:20,17.4,91.8,918.7,819.1
28:06:2026 07:22,17.4,91.8,918.6,819.2
28:06:2026 07:23,17.4,91.8,918.6,819.3
28:06:2026 07:24,17.4,91.8,918.7,819.2
28:06:2026 07:25,17.4,91.7,918.7,819.2
28:06:2026 07:26,17.4,91.8,918.7,818.6
28:06:2026 07:27,17.4,91.8,918.8,818.0
28:06:2026 07:28,17.4,91.8,918.8,817.7
28:06:2026 07:29,17.4,91.8,918.8,817.4
28:06:2026 07:30,17.4,91.7,918.9,817.2
28:06:2026 07:31,17.4,91.6,918.9,816.9
28:06:2026 07:33,17.4,91.5,918.9,817.2
28:06:2026 07:34,17.4,91.5,918.9,817.2
28:06:2026 07:35,17.4,91.4,918.9,817.1
28:06:2026 07:36,17.4,91.4,918.9,816.9
28:06:2026 07:37,17.4,91.5,918.9,817.2
28:06:2026 07:38,17.4,91.5,918.9,817.0
28:06:2026 07:39,17.4,91.5,918.9,817.1
28:06:2026 07:40,17.4,91.4,918.9,816.9
28:06:2026 07:41,17.5,91.3,918.9,817.1
28:06:2026 07:42,17.4,91.2,918.9,817.2
28:06:2026 07:44,17.5,91.3,918.9,817.1
28:06:2026 07:45,17.4,91.3,918.9,817.3
28:06:2026 07:46,17.4,91.3,918.9,817.3
28:06:2026 07:47,17.5,91.1,918.9,817.2
28:06:2026 07:48,17.5,91.3,918.9,817.2
28:06:2026 07:49,17.5,91.2,918.9,817.3
28:06:2026 07:50,17.5,91.1,918.8,817.5
28:06:2026 07:51,17.4,91.2,918.8,817.4
28:06:2026 07:52,17.4,91.3,918.9,817.3
28:06:2026 07:53,17.4,91.2,918.9,817.1
28:06:2026 07:54,17.5,91.2,918.9,816.8
28:06:2026 07:56,17.4,91.3,918.9,816.6
28:06:2026 07:57,17.4,91.3,918.9,816.6
28:06:2026 07:58,17.4,91.2,918.9,816.6
28:06:2026 07:59,17.5,91.2,918.9,816.5
28:06:2026 08:00,17.4,91.1,918.9,816.6
28:06:2026 08:01,17.5,91.2,919.0,816.3
28:06:2026 08:02,17.5,91.1,919.0,816.4
28:06:2026 08:03,17.5,91.1,919.0,816.3
28:06:2026 08:04,17.5,91.0,919.0,816.3
28:06:2026 08:05,17.5,91.0,919.0,816.0
28:06:2026 08:07,17.5,90.9,919.0,815.9
28:06:2026 08:08,17.5,91.0,919.1,815.4
28:06:2026 08:09,17.5,90.9,919.1,815.2
28:06:2026 08:10,17.5,90.9,919.1,815.2
28:06:2026 08:11,17.5,90.8,919.1,815.1
28:06:2026 08:12,17.5,90.8,919.1,815.1
28:06:2026 08:13,17.5,90.9,919.1,815.1
28:06:2026 08:14,17.5,91.0,919.1,815.2
28:06:2026 08:15,17.5,90.9,919.1,815.3
28:06:2026 08:16,17.5,90.9,919.1,815.5
28:06:2026 08:17,17.5,90.9,919.0,815.6
28:06:2026 08:19,17.5,90.9,919.0,815.8
28:06:2026 08:20,17.5,90.8,919.1,815.5
28:06:2026 08:21,17.5,90.8,919.1,815.3
28:06:2026 08:22,17.5,90.8,919.1,815.1
28:06:2026 08:23,17.5,90.8,919.1,814.8
28:06:2026 08:24,17.5,90.9,919.1,814.8
28:06:2026 08:25,17.5,90.9,919.1,814.8
28:06:2026 08:26,17.5,90.8,919.1,814.9
28:06:2026 08:27,17.5,90.8,919.1,815.1
28:06:2026 08:28,17.5,90.8,919.1,815.2
28:06:2026 08:30,17.5,90.8,919.1,815.2
28:06:2026 08:31,17.5,90.8,919.1,815.5
28:06:2026 08:32,17.5,90.8,919.1,815.5
28:06:2026 08:33,17.5,90.8,919.1,815.5
28:06:2026 08:34,17.5,90.7,919.1,815.3
28:06:2026 08:35,17.5,90.7,919.1,815.3
28:06:2026 08:36,17.5,90.7,919.1,815.0
28:06:2026 08:37,17.5,90.6,919.1,814.9
28:06:2026 08:38,17.5,90.6,919.1,814.8
28:06:2026 08:39,17.5,90.6,919.1,815.1
28:06:2026 08:40,17.5,90.6,919.1,815.5
28:06:2026 08:42,17.5,90.5,919.0,815.7
28:06:2026 08:43,17.5,90.5,919.0,816.0
28:06:2026 08:44,17.5,90.5,919.0,816.2
28:06:2026 08:45,17.5,90.5,919.0,815.9
28:06:2026 08:46,17.5,90.4,919.0,815.9
28:06:2026 08:47,17.5,90.4,919.0,815.9
28:06:2026 08:48,17.5,90.4,919.0,816.0
28:06:2026 08:49,17.5,90.4,919.0,816.2
28:06:2026 08:50,17.5,90.5,919.0,816.3
28:06:2026 08:51,17.5,90.4,918.9,816.5
28:06:2026 08:53,17.5,90.4,918.9,816.5
28:06:2026 08:54,17.5,90.4,918.9,816.8
28:06:2026 08:55,17.5,90.4,918.9,817.0
28:06:2026 08:56,17.5,90.4,918.9,817.0
28:06:2026 08:57,17.5,90.4,918.9,817.3
28:06:2026 08:58,17.5,90.5,918.9,817.1
28:06:2026 08:59,17.5,90.4,918.9,817.0
28:06:2026 09:00,17.5,90.4,918.9,816.5
28:06:2026 09:01,17.5,90.4,919.0,816.2
28:06:2026 09:02,17.5,90.5,919.0,815.9
28:06:2026 09:03,17.5,90.5,919.0,815.7
28:06:2026 09:05,17.5,90.4,919.1,815.5
28:06:2026 09:06,17.5,90.4,919.1,815.3
28:06:2026 09:07,17.5,90.5,919.1,815.3
28:06:2026 09:08,17.5,90.5,919.1,815.3
28:06:2026 09:09,17.5,90.5,919.1,815.3
28:06:2026 09:10,17.5,90.5,919.1,815.0
28:06:2026 09:11,17.5,90.4,919.1,814.9
28:06:2026 09:12,17.5,90.4,919.1,815.0
28:06:2026 09:13,17.5,90.5,919.1,815.0
28:06:2026 09:14,17.5,90.4,919.1,814.8
28:06:2026 09:16,17.6,89.8,919.2,814.4
28:06:2026 09:17,17.6,90.0,919.2,814.5
28:06:2026 09:18,17.7,89.7,919.2,814.5
28:06:2026 09:19,17.8,89.6,919.1,814.7
28:06:2026 09:20,17.8,89.8,919.1,814.7
28:06:2026 09:21,18.0,89.6,919.1,815.1
28:06:2026 09:22,17.9,89.3,919.1,815.1
28:06:2026 09:23,18.0,88.6,919.1,815.6
28:06:2026 09:24,17.9,88.8,919.1,815.2
28:06:2026 09:25,18.0,89.4,919.1,815.2
28:06:2026 09:26,18.1,89.1,919.1,815.0
28:06:2026 09:28,18.1,89.0,919.1,815.2
28:06:2026 09:29,18.2,88.9,919.1,815.0
28:06:2026 09:30,18.1,89.0,919.1,815.1
28:06:2026 09:31,18.2,88.7,919.1,815.4
28:06:2026 09:32,18.2,88.7,919.1,815.5
28:06:2026 09:33,18.2,88.9,919.0,815.7
28:06:2026 09:34,18.2,88.7,919.1,815.4
28:06:2026 09:35,18.3,88.7,919.1,815.2
28:06:2026 09:36,18.2,88.3,919.1,815.3
28:06:2026 09:37,18.3,87.4,919.1,815.2
28:06:2026 09:39,18.2,88.3,919.1,815.1
28:06:2026 09:40,18.3,88.4,919.1,815.1
28:06:2026 09:41,18.4,88.5,919.1,814.9
28:06:2026 09:42,18.4,88.2,919.1,814.7
28:06:2026 09:43,18.4,88.4,919.1,814.7
28:06:2026 09:44,18.5,88.4,919.1,814.8
28:06:2026 09:45,18.4,88.4,919.1,814.7
28:06:2026 09:46,18.5,88.5,919.2,814.6
28:06:2026 09:47,18.5,88.4,919.2,814.6
28:06:2026 09:48,18.5,88.3,919.2,814.6
28:06:2026 09:50,18.5,88.5,919.2,814.5
28:06:2026 09:51,18.6,88.4,919.2,814.5
28:06:2026 09:52,18.5,88.2,919.1,814.8
28:06:2026 09:53,18.6,88.4,919.1,815.0
28:06:2026 09:54,18.6,88.5,919.1,814.8
28:06:2026 09:55,18.5,88.6,919.1,814.9
28:06:2026 09:56,18.6,88.6,919.1,814.7
28:06:2026 09:57,18.6,88.3,919.1,814.8
28:06:2026 09:58,18.6,88.5,919.1,814.7
28:06:2026 09:59,18.5,88.3,919.1,814.7
28:06:2026 10:00,18.6,88.6,919.1,815.2
28:06:2026 10:02,18.6,88.8,919.1,815.4
28:06:2026 10:03,18.6,88.4,919.0,815.7
28:06:2026 10:04,18.6,88.4,919.0,816.3
28:06:2026 10:05,18.6,87.5,919.0,816.3
28:06:2026 10:06,18.6,88.5,918.9,816.8
28:06:2026 10:07,18.6,88.7,918.9,816.9
28:06:2026 10:08,18.6,88.8,918.9,817.2
28:06:2026 10:09,18.6,88.7,918.9,817.1
28:06:2026 10:10,18.5,88.9,918.9,817.3
28:06:2026 10:11,18.5,88.9,918.8,818.1
28:06:2026 10:12,18.5,88.9,918.7,818.5
28:06:2026 10:14,18.5,89.0,918.6,819.2
28:06:2026 10:15,18.5,88.9,918.6,819.5
28:06:2026 10:16,18.5,89.0,918.6,819.9
28:06:2026 10:17,18.5,89.0,918.5,820.3
28:06:2026 10:18,18.5,89.1,918.5,820.4
28:06:2026 10:19,18.5,89.1,918.5,820.5
28:06:2026 10:20,18.5,89.1,918.5,820.8
28:06:2026 10:21,18.5,89.2,918.5,820.8
28:06:2026 10:22,18.5,88.8,918.5,820.8
28:06:2026 10:23,18.5,89.0,918.5,820.9
28:06:2026 10:25,18.5,89.0,918.4,821.0
28:06:2026 10:26,18.6,89.0,918.5,821.0
28:06:2026 10:27,18.5,89.3,918.4,821.3
28:06:2026 10:28,18.5,89.1,918.4,821.0
28:06:2026 10:29,18.6,89.1,918.4,821.5
28:06:2026 10:30,18.5,89.2,918.4,821.6
28:06:2026 10:31,18.6,89.2,918.3,821.9
28:06:2026 10:32,18.7,89.1,918.3,822.2
28:06:2026 10:33,18.6,89.0,918.3,822.4
28:06:2026 10:34,18.6,89.1,918.3,822.7
28:06:2026 10:35,18.6,89.0,918.2,822.9
28:06:2026 10:36,18.7,89.0,918.2,823.2
28:06:2026 10:38,18.7,88.9,918.2,823.5
28:06:2026 10:39,18.7,88.9,918.2,823.6
28:06:2026 10:40,18.7,89.0,918.1,824.0
28:06:2026 10:42,18.8,89.0,918.1,824.2
28:06:2026 10:43,18.7,88.7,918.1,824.4
28:06:2026 10:44,18.7,89.0,918.1,824.5
28:06:2026 10:44,18.7,89.0,918.0,824.7
28:06:2026 10:46,18.8,88.8,918.0,824.6
28:06:2026 10:47,18.8,88.8,918.0,825.0
28:06:2026 10:47,18.8,88.7,918.0,825.1
28:06:2026 10:48,18.8,88.5,918.0,825.2
28:06:2026 10:49,18.8,88.8,918.0,825.3
28:06:2026 10:50,18.8,88.8,917.9,825.6
28:06:2026 10:51,18.8,88.9,917.9,825.8
28:06:2026 10:52,18.7,89.0,917.9,826.1
28:06:2026 10:54,18.7,88.8,917.8,826.5
28:06:2026 10:55,18.9,88.7,917.8,826.8
28:06:2026 10:56,18.9,88.8,917.8,827.2
28:06:2026 10:57,19.0,88.4,917.8,827.3
28:06:2026 10:58,18.9,88.6,917.7,827.5
28:06:2026 10:59,18.8,88.6,917.7,828.0
28:06:2026 11:00,18.8,88.8,917.7,828.2
28:06:2026 11:01,18.9,88.8,917.6,828.2
28:06:2026 11:02,18.9,88.8,917.6,828.6
28:06:2026 11:03,18.9,88.8,917.6,828.7
28:06:2026 11:04,19.0,88.6,917.6,828.7
28:06:2026 11:06,18.9,88.8,917.6,828.7
28:06:2026 11:07,18.9,88.9,917.6,828.9
28:06:2026 11:08,18.9,88.9,917.6,829.0
28:06:2026 11:09,18.9,88.9,917.6,828.8
28:06:2026 11:10,18.9,88.8,917.6,829.0
28:06:2026 11:11,18.9,88.7,917.6,828.7
28:06:2026 11:12,19.0,88.7,917.6,828.5
28:06:2026 11:13,19.0,88.7,917.6,828.7
28:06:2026 11:14,19.0,88.9,917.6,828.8
28:06:2026 11:15,19.0,88.8,917.6,828.8
28:06:2026 11:16,19.0,88.6,917.6,829.1
28:06:2026 11:18,19.0,88.5,917.6,828.4
28:06:2026 11:19,18.9,88.9,917.6,829.0
28:06:2026 11:20,19.0,88.8,917.6,828.9
28:06:2026 11:21,19.0,88.9,917.6,828.9
28:06:2026 11:22,19.0,88.8,917.6,829.1
28:06:2026 11:23,19.0,88.8,917.5,829.2
28:06:2026 11:24,19.0,88.9,917.6,828.8
28:06:2026 11:25,19.0,88.8,917.6,828.8
28:06:2026 11:26,19.0,88.8,917.5,829.2
28:06:2026 11:27,19.0,88.8,917.6,829.1
28:06:2026 11:28,19.0,88.9,917.5,829.3
28:06:2026 11:30,19.0,88.9,917.5,829.4
28:06:2026 11:31,19.0,89.1,917.5,829.8
28:06:2026 11:32,19.1,88.9,917.5,830.0
28:06:2026 11:33,19.1,88.8,917.5,829.5
28:06:2026 11:34,19.1,88.8,917.5,829.8
28:06:2026 11:35,19.1,89.0,917.5,829.7
28:06:2026 11:36,19.1,88.8,917.5,829.3
28:06:2026 11:37,19.1,88.7,917.5,829.8
28:06:2026 11:38,19.1,88.7,917.5,829.3
28:06:2026 11:39,19.1,88.9,917.5,829.9
28:06:2026 11:40,19.0,89.0,917.5,829.9
28:06:2026 11:42,19.1,88.9,917.4,830.5
28:06:2026 11:43,19.1,88.7,917.4,830.5
28:06:2026 11:44,19.2,88.7,917.4,830.7
28:06:2026 11:45,19.2,88.4,917.4,830.9
28:06:2026 11:46,19.2,88.5,917.4,830.7
28:06:2026 11:47,19.2,88.6,917.3,831.2
28:06:2026 11:48,19.2,87.7,917.3,831.2
28:06:2026 11:49,19.3,88.1,917.3,831.4
28:06:2026 11:50,19.2,88.0,917.3,831.4
28:06:2026 11:51,19.2,88.3,917.3,831.4
28:06:2026 11:52,19.2,88.3,917.3,831.5
28:06:2026 11:54,19.2,88.4,917.3,831.4
28:06:2026 11:55,19.2,88.5,917.3,831.3
28:06:2026 11:56,19.3,88.3,917.3,831.6
28:06:2026 11:57,19.3,88.0,917.2,831.9
28:06:2026 11:58,19.3,88.3,917.2,832.5
28:06:2026 11:59,19.3,88.2,917.2,832.7
28:06:2026 12:00,19.3,88.2,917.1,833.0
28:06:2026 12:01,19.3,88.3,917.1,833.2
28:06:2026 12:02,19.3,88.3,917.1,833.3
28:06:2026 12:03,19.3,88.0,917.0,833.7
28:06:2026 12:04,19.3,88.4,917.1,833.6
28:06:2026 12:06,19.3,88.3,917.1,833.2
28:06:2026 12:07,19.3,88.2,917.0,833.8
28:06:2026 12:08,19.3,88.1,917.1,833.3
28:06:2026 12:09,19.2,88.2,917.1,833.6
28:06:2026 12:10,19.3,88.4,917.0,834.1
28:06:2026 12:11,19.3,88.2,917.0,834.2
28:06:2026 12:12,19.2,88.3,917.0,834.1
28:06:2026 12:13,19.3,88.3,917.0,834.2
28:06:2026 12:14,19.3,87.4,917.0,834.1
28:06:2026 12:15,19.3,86.8,917.0,834.5
28:06:2026 12:16,19.3,86.8,916.9,834.5
28:06:2026 12:18,19.3,86.7,916.9,834.8
28:06:2026 12:19,19.3,86.8,916.9,834.7
28:06:2026 12:20,19.2,86.7,916.9,835.1
28:06:2026 12:21,19.3,86.5,916.8,835.7
28:06:2026 12:22,19.3,86.5,916.8,835.8
28:06:2026 12:23,19.3,86.6,916.8,835.8
28:06:2026 12:24,19.2,86.5,916.8,836.0
28:06:2026 12:25,19.3,86.4,916.7,836.4
28:06:2026 12:26,19.3,86.4,916.7,836.7
28:06:2026 12:27,19.3,86.2,916.7,836.9
28:06:2026 12:28,19.3,86.1,916.7,837.1
28:06:2026 12:30,19.3,86.3,916.6,837.4
28:06:2026 12:31,19.3,86.1,916.6,837.5
28:06:2026 12:32,19.3,86.4,916.5,838.2
28:06:2026 12:33,19.4,85.8,916.5,838.2
28:06:2026 12:34,19.4,85.7,916.5,838.4
28:06:2026 12:35,19.3,86.1,916.4,839.1
28:06:2026 12:36,19.3,85.5,916.4,839.2
28:06:2026 12:37,19.3,85.7,916.4,839.4
28:06:2026 12:38,19.3,85.8,916.4,839.6
28:06:2026 12:39,19.3,86.1,916.4,839.8
28:06:2026 12:40,19.3,85.9,916.3,840.0
28:06:2026 12:42,19.3,86.2,916.3,840.4
28:06:2026 12:43,19.3,86.2,916.3,840.5
28:06:2026 12:44,19.3,85.8,916.3,840.7
28:06:2026 12:45,19.3,85.8,916.3,840.6
28:06:2026 12:46,19.3,85.9,916.3,840.6
28:06:2026 12:47,19.3,85.9,916.2,841.1
28:06:2026 12:48,19.4,85.9,916.3,840.7
28:06:2026 12:49,19.3,85.8,916.2,841.2
28:06:2026 12:50,19.3,85.7,916.3,840.7
28:06:2026 12:51,19.4,85.5,916.3,840.7
28:06:2026 12:53,19.4,85.3,916.2,841.0
28:06:2026 12:54,19.4,85.1,916.2,841.2
28:06:2026 12:55,19.4,85.0,916.2,841.3
28:06:2026 12:56,19.4,84.9,916.1,842.2
28:06:2026 12:57,19.4,85.0,916.1,842.1
28:06:2026 12:58,19.4,84.8,916.1,842.0
28:06:2026 12:59,19.4,84.6,916.1,842.6
28:06:2026 13:00,19.4,84.5,916.0,842.9
28:06:2026 13:01,19.5,84.5,916.0,843.0
28:06:2026 13:02,19.5,84.4,916.0,843.2
28:06:2026 13:04,19.5,84.6,916.0,843.2
28:06:2026 13:05,19.6,84.2,916.0,843.4
28:06:2026 13:06,19.6,84.2,915.9,843.8
28:06:2026 13:07,19.5,84.3,915.9,843.8
28:06:2026 13:08,19.5,84.6,915.9,843.7
28:06:2026 13:09,19.6,84.6,915.9,844.2
28:06:2026 13:10,19.6,84.6,915.9,844.2
28:06:2026 13:11,19.6,84.3,915.9,844.3
28:06:2026 13:12,19.5,84.1,915.8,844.7
28:06:2026 13:13,19.5,84.5,915.8,844.5
28:06:2026 13:14,19.6,84.2,915.8,845.2
28:06:2026 13:16,19.6,84.2,915.7,845.7
28:06:2026 13:17,19.6,84.2,915.7,845.4
28:06:2026 13:18,19.7,83.8,915.7,845.7
28:06:2026 13:19,19.6,84.1,915.7,845.7
28:06:2026 13:20,19.6,84.0,915.7,845.7
28:06:2026 13:21,19.5,84.2,915.7,846.0
28:06:2026 13:22,19.6,84.5,915.7,846.0
28:06:2026 13:23,19.6,84.2,915.7,846.0
28:06:2026 13:24,19.7,84.3,915.6,846.4
28:06:2026 13:25,19.4,83.1,915.7,846.0
28:06:2026 13:27,19.5,84.6,915.7,845.8
28:06:2026 13:28,19.7,83.9,915.6,846.4
28:06:2026 13:29,19.7,83.9,915.7,846.1
28:06:2026 13:30,19.6,84.1,915.6,846.7
28:06:2026 13:31,19.7,83.7,915.6,846.5
28:06:2026 13:32,19.6,83.9,915.7,846.2
28:06:2026 13:33,19.8,83.3,915.7,846.0
28:06:2026 13:34,19.7,83.6,915.6,846.3
28:06:2026 13:35,19.7,83.0,915.6,846.3
28:06:2026 13:36,19.8,82.3,915.6,846.9
28:06:2026 13:37,19.7,82.9,915.6,846.9
28:06:2026 13:39,19.7,82.8,915.5,847.4
28:06:2026 13:40,19.7,82.7,915.5,847.6
28:06:2026 13:41,19.7,83.0,915.5,847.5
28:06:2026 13:42,19.7,83.1,915.4,848.1
28:06:2026 13:43,19.8,82.9,915.4,848.3
28:06:2026 13:44,19.7,83.0,915.4,848.8
28:06:2026 13:45,19.8,83.0,915.3,849.0
28:06:2026 13:46,19.8,83.0,915.3,849.2
28:06:2026 13:47,19.8,83.2,915.3,849.3
28:06:2026 13:48,19.9,82.9,915.3,849.3
28:06:2026 13:49,19.8,83.1,915.3,849.2
28:06:2026 13:51,19.8,83.4,915.3,849.3
28:06:2026 13:52,19.8,83.4,915.3,849.7
28:06:2026 13:53,19.7,83.6,915.3,849.4
28:06:2026 13:54,19.8,83.4,915.4,848.9
28:06:2026 13:55,19.8,83.4,915.4,848.8
28:06:2026 13:56,19.8,83.2,915.3,849.2
28:06:2026 13:57,19.8,83.0,915.3,849.1
28:06:2026 13:58,19.8,83.3,915.4,848.8
28:06:2026 13:59,19.8,83.1,915.3,849.2
28:06:2026 14:00,19.7,83.4,915.4,848.6
28:06:2026 14:02,19.8,83.2,915.3,849.5
28:06:2026 14:03,19.8,82.8,915.3,849.2
28:06:2026 14:04,19.8,83.0,915.3,849.3
28:06:2026 14:05,19.8,82.9,915.3,849.3
28:06:2026 14:06,19.7,83.1,915.2,850.0
28:06:2026 14:07,19.8,83.1,915.2,850.2
28:06:2026 14:08,19.8,83.0,915.1,850.8
28:06:2026 14:09,19.8,83.0,915.2,850.5
28:06:2026 14:10,19.8,83.1,915.2,850.6
28:06:2026 14:11,19.7,83.4,915.1,850.9
28:06:2026 14:12,19.8,83.2,915.1,851.0
28:06:2026 14:14,19.9,83.1,915.1,851.0
28:06:2026 14:15,19.8,83.5,915.1,851.0
28:06:2026 14:16,19.8,83.2,915.1,851.4
28:06:2026 14:17,19.8,83.5,915.1,851.1
28:06:2026 14:18,19.8,83.4,915.1,851.3
28:06:2026 14:19,19.9,83.6,915.1,851.4
28:06:2026 14:20,19.8,83.8,915.1,851.6
28:06:2026 14:21,19.8,84.1,915.1,851.7
28:06:2026 14:22,19.9,84.2,915.1,851.5
28:06:2026 14:23,19.9,84.2,915.1,850.8
28:06:2026 14:25,19.9,84.3,915.2,850.7
28:06:2026 14:26,19.9,84.4,915.2,850.8
28:06:2026 14:27,19.9,84.7,915.2,850.6
28:06:2026 14:28,19.9,84.7,915.2,850.6
28:06:2026 14:29,19.9,84.5,915.2,850.7
28:06:2026 14:30,19.9,84.6,915.1,850.8
28:06:2026 14:31,19.9,84.7,915.1,851.2
28:06:2026 14:32,19.9,84.6,915.0,851.8
28:06:2026 14:33,19.8,85.1,915.0,851.9
28:06:2026 14:34,19.9,85.1,915.0,851.7
28:06:2026 14:35,19.9,84.9,915.0,852.1
28:06:2026 14:37,19.9,84.9,915.0,852.0
28:06:2026 14:38,20.0,84.8,914.9,852.6
28:06:2026 14:39,20.0,84.9,915.0,852.4
28:06:2026 14:40,20.0,85.0,915.0,852.5
28:06:2026 14:41,20.0,85.1,915.0,852.2
28:06:2026 14:42,20.0,85.0,914.8,853.5
28:06:2026 14:43,19.9,85.2,914.9,853.5
28:06:2026 14:44,20.0,85.2,914.9,853.5
28:06:2026 14:45,20.0,85.1,914.8,854.0
28:06:2026 14:46,20.0,85.1,914.8,853.6
28:06:2026 14:47,20.0,85.2,914.9,853.4
28:06:2026 14:49,20.0,85.2,914.7,854.8
28:06:2026 14:50,20.1,85.1,914.7,854.8
28:06:2026 14:51,20.1,84.9,914.7,854.6
28:06:2026 14:52,20.1,85.1,914.7,854.8
28:06:2026 14:53,20.0,85.4,914.6,855.4
28:06:2026 14:54,20.0,85.5,914.6,855.5
28:06:2026 14:55,20.2,85.0,914.6,855.6
28:06:2026 14:56,20.1,85.1,914.6,855.6
28:06:2026 14:57,20.2,84.9,914.6,855.8
28:06:2026 14:58,20.1,85.2,914.7,855.1
28:06:2026 14:59,20.1,85.2,914.6,856.0
28:06:2026 15:01,20.1,85.3,914.6,855.8
28:06:2026 15:02,20.1,85.3,914.6,856.0
28:06:2026 15:03,20.2,85.2,914.5,856.3
28:06:2026 15:04,20.1,85.4,914.5,856.2
28:06:2026 15:05,20.1,85.5,914.5,856.6
28:06:2026 15:06,20.1,85.3,914.5,856.6
28:06:2026 15:07,20.1,85.3,914.5,856.4
28:06:2026 15:08,20.2,85.3,914.6,856.2
28:06:2026 15:09,20.2,85.0,914.5,856.5
28:06:2026 15:10,20.2,85.2,914.5,856.9
28:06:2026 15:11,20.2,85.4,914.5,856.7
28:06:2026 15:13,20.1,85.4,914.5,856.4
28:06:2026 15:14,20.1,85.6,914.5,857.0
28:06:2026 15:15,20.1,85.5,914.4,857.2
28:06:2026 15:16,20.2,85.4,914.4,857.1
28:06:2026 15:17,20.2,85.3,914.4,857.6
28:06:2026 15:18,20.2,85.3,914.4,857.6
28:06:2026 15:19,20.2,85.4,914.3,858.3
28:06:2026 15:20,20.2,85.4,914.3,858.2
28:06:2026 15:21,20.2,85.5,914.4,857.7
28:06:2026 15:22,20.2,85.4,914.3,858.2
28:06:2026 15:23,20.2,85.7,914.3,858.4
28:06:2026 15:25,20.2,85.6,914.3,858.3
28:06:2026 15:26,20.2,85.9,914.3,858.7
28:06:2026 15:27,20.3,85.6,914.3,858.4
28:06:2026 15:28,20.2,85.7,914.3,858.9
28:06:2026 15:29,20.3,85.5,914.3,858.8
28:06:2026 15:30,20.3,85.5,914.2,859.2
28:06:2026 15:31,20.3,85.5,914.2,859.3
28:06:2026 15:32,20.3,85.6,914.2,859.1
28:06:2026 15:33,20.3,85.5,914.2,859.2
28:06:2026 15:34,20.3,85.6,914.3,858.8
28:06:2026 15:35,20.3,85.5,914.2,859.0
28:06:2026 15:37,20.3,85.6,914.2,859.1
28:06:2026 15:38,20.3,85.6,914.2,859.2
28:06:2026 15:39,20.3,85.6,914.2,859.3
28:06:2026 15:40,20.3,85.6,914.2,859.6
28:06:2026 15:41,20.4,85.5,914.1,859.9
28:06:2026 15:42,20.4,85.4,914.1,860.0
28:06:2026 15:43,20.4,85.5,914.1,860.2
28:06:2026 15:44,20.4,85.6,914.1,860.2
28:06:2026 15:45,20.4,85.7,914.1,860.2
28:06:2026 15:46,20.4,85.6,914.0,861.1
28:06:2026 15:47,20.4,85.5,914.0,861.1
28:06:2026 15:49,20.4,85.5,914.0,861.4
28:06:2026 15:50,20.4,85.5,913.9,861.9
28:06:2026 15:51,20.4,85.6,914.0,861.1
28:06:2026 15:52,20.4,85.7,914.0,861.6
28:06:2026 15:53,20.3,85.8,914.0,861.5
28:06:2026 15:54,20.4,85.5,914.1,860.7
28:06:2026 15:55,20.4,85.7,914.1,860.5
28:06:2026 15:56,20.5,85.4,914.0,860.8
28:06:2026 15:57,20.4,85.5,914.0,861.2
28:06:2026 15:58,20.5,85.5,914.0,861.6
28:06:2026 15:59,20.5,85.5,913.9,862.1
28:06:2026 16:01,20.5,85.6,913.9,862.2
28:06:2026 16:02,20.6,85.1,913.9,861.7
28:06:2026 16:03,20.5,85.4,914.0,861.2
28:06:2026 16:04,20.5,85.3,913.9,861.9
28:06:2026 16:05,20.5,85.6,913.9,862.1
28:06:2026 16:06,20.6,85.3,914.0,861.5
28:06:2026 16:07,20.5,85.4,914.0,861.4
28:06:2026 16:08,20.5,85.6,914.0,861.1
28:06:2026 16:09,20.5,85.5,913.9,861.7
28:06:2026 16:10,20.5,85.7,914.0,861.4
28:06:2026 16:12,20.5,85.7,913.9,861.6
28:06:2026 16:13,20.5,85.8,914.0,861.3
28:06:2026 16:14,20.4,85.9,914.0,861.2
28:06:2026 16:15,20.5,86.0,914.0,861.0
28:06:2026 16:16,20.5,86.0,913.9,861.8
28:06:2026 16:17,20.4,86.0,914.0,861.5
28:06:2026 16:18,20.4,86.0,913.9,861.9
28:06:2026 16:19,20.4,86.2,913.8,862.6
28:06:2026 16:20,20.5,86.0,913.8,862.6
28:06:2026 16:21,20.4,86.1,913.9,862.5
28:06:2026 16:22,20.5,86.0,913.9,862.4
28:06:2026 16:23,20.4,86.2,913.9,861.9
28:06:2026 16:25,20.4,86.2,913.9,861.8
28:06:2026 16:26,20.4,86.2,913.9,862.3
28:06:2026 16:27,20.5,86.1,913.9,862.4
28:06:2026 16:28,20.4,86.2,913.8,862.8
28:06:2026 16:29,20.4,86.4,913.9,862.2
28:06:2026 16:30,20.4,85.8,913.9,862.4
28:06:2026 16:31,20.4,86.3,913.8,863.0
28:06:2026 16:32,20.4,85.9,913.9,861.8
28:06:2026 16:33,20.4,86.4,913.9,862.0
28:06:2026 16:34,20.4,86.4,913.9,861.8
28:06:2026 16:35,20.5,86.1,913.9,861.9
28:06:2026 16:37,20.4,86.4,913.9,861.6
28:06:2026 16:38,20.5,86.5,914.0,861.6
28:06:2026 16:39,20.4,86.4,913.9,861.7
28:06:2026 16:40,20.5,86.3,913.9,862.0
28:06:2026 16:41,20.4,86.4,913.9,861.7
28:06:2026 16:42,20.5,86.2,913.9,861.8
28:06:2026 16:43,20.5,86.2,914.0,861.2
28:06:2026 16:44,20.5,86.2,914.0,861.4
28:06:2026 16:45,20.4,86.4,914.0,861.3
28:06:2026 16:46,20.5,86.4,914.0,861.2
28:06:2026 16:47,20.5,86.2,914.0,861.1
28:06:2026 16:49,20.5,86.3,914.0,861.5
28:06:2026 16:50,20.5,86.4,914.0,861.0
28:06:2026 16:51,20.6,86.2,914.0,861.6
28:06:2026 16:52,20.5,86.2,914.0,861.2
28:06:2026 16:53,20.5,86.3,914.0,861.2
28:06:2026 16:54,20.5,86.3,914.0,861.2
28:06:2026 16:55,20.6,86.3,914.0,861.0
28:06:2026 16:56,20.5,86.4,914.1,860.7
28:06:2026 16:57,20.5,86.4,914.1,860.4
28:06:2026 16:58,20.5,86.5,914.1,860.1
28:06:2026 16:59,20.5,86.4,914.1,860.0
28:06:2026 17:01,20.4,86.7,914.1,859.9
28:06:2026 17:02,20.5,86.7,914.2,859.7
28:06:2026 17:03,20.5,86.5,914.2,859.8
28:06:2026 17:04,20.5,86.4,914.2,859.3
28:06:2026 17:05,20.5,86.7,914.2,859.1
28:06:2026 17:06,20.5,86.5,914.2,859.2
28:06:2026 17:07,20.5,86.6,914.2,858.9
28:06:2026 17:08,20.5,86.5,914.3,858.9
28:06:2026 17:09,20.5,86.6,914.2,859.0
28:06:2026 17:10,20.6,86.6,914.3,858.7
28:06:2026 17:11,20.6,86.5,914.3,858.9
28:06:2026 17:13,20.6,86.6,914.3,858.5
28:06:2026 17:14,20.6,86.6,914.3,858.3
28:06:2026 17:15,20.6,86.7,914.4,857.8
28:06:2026 17:16,20.6,86.7,914.4,858.0
28:06:2026 17:17,20.6,86.4,914.4,857.8
28:06:2026 17:18,20.6,86.5,914.4,858.0
28:06:2026 17:19,20.6,86.5,914.4,857.8
28:06:2026 17:20,20.6,86.6,914.4,857.7
28:06:2026 17:21,20.7,86.6,914.4,857.8
28:06:2026 17:22,20.6,86.5,914.4,857.7
28:06:2026 17:23,20.6,86.5,914.4,858.0
28:06:2026 17:25,20.7,86.6,914.4,857.6
28:06:2026 17:26,20.7,86.4,914.4,857.7
28:06:2026 17:27,20.7,86.5,914.4,857.9
28:06:2026 17:28,20.7,86.1,914.4,857.5
28:06:2026 17:29,20.7,86.5,914.4,857.4
28:06:2026 17:30,20.6,86.5,914.4,857.6
28:06:2026 17:31,20.6,86.5,914.5,857.0
28:06:2026 17:32,20.6,86.6,914.5,856.9
28:06:2026 17:33,20.7,86.4,914.4,857.3
28:06:2026 17:34,20.7,86.3,914.4,857.4
28:06:2026 17:35,20.6,86.8,914.4,857.2
28:06:2026 17:37,20.5,87.2,914.4,857.2
28:06:2026 17:38,20.4,87.4,914.5,856.8
28:06:2026 17:39,20.4,87.5,914.5,856.8
28:06:2026 17:40,20.3,87.6,914.5,856.7
28:06:2026 17:41,20.3,87.7,914.5,856.7
28:06:2026 17:42,20.3,87.7,914.5,856.7
28:06:2026 17:43,20.3,87.8,914.5,856.3
28:06:2026 17:44,20.2,88.0,914.5,856.4
28:06:2026 17:45,20.2,88.1,914.6,855.9
28:06:2026 17:46,20.2,88.1,914.6,855.7
28:06:2026 17:47,20.1,88.3,914.6,855.8
28:06:2026 17:49,20.1,88.2,914.6,855.7
28:06:2026 17:50,20.1,88.3,914.6,855.7
28:06:2026 17:51,20.1,88.3,914.6,855.3
28:06:2026 17:52,20.1,88.3,914.7,855.2
28:06:2026 17:53,20.1,88.2,914.7,854.9
28:06:2026 17:54,20.1,88.2,914.7,854.9
28:06:2026 17:55,20.0,88.4,914.7,854.7
28:06:2026 17:56,20.0,88.5,914.7,854.8
28:06:2026 17:57,20.0,88.4,914.7,854.5
28:06:2026 17:58,20.0,88.4,914.8,854.2
28:06:2026 18:00,20.0,88.5,914.8,854.4
28:06:2026 18:01,20.0,88.3,914.8,854.3
28:06:2026 18:02,19.9,88.5,914.8,853.7
28:06:2026 18:03,20.0,88.4,914.8,854.3
28:06:2026 18:04,19.9,88.5,914.8,854.2
28:06:2026 18:05,20.0,88.4,914.8,854.3
28:06:2026 18:06,19.9,88.4,914.7,854.6
28:06:2026 18:07,20.0,88.4,914.7,855.1
28:06:2026 18:08,19.9,88.4,914.7,855.2
28:06:2026 18:09,19.9,88.4,914.7,855.1
28:06:2026 18:10,19.9,88.5,914.7,855.0
28:06:2026 18:12,19.9,88.5,914.7,854.6
28:06:2026 18:13,19.8,88.6,914.7,854.5
28:06:2026 18:14,19.8,88.6,914.8,854.1
28:06:2026 18:15,19.9,88.5,914.8,854.1
28:06:2026 18:16,19.8,88.5,914.8,853.8
28:06:2026 18:17,19.8,88.6,914.8,853.6
28:06:2026 18:18,19.9,88.5,914.8,853.6
28:06:2026 18:19,19.9,88.5,914.8,853.7
28:06:2026 18:20,19.8,88.6,914.8,853.7
28:06:2026 18:21,19.8,88.5,914.9,853.5
28:06:2026 18:23,19.8,88.6,914.9,853.3
28:06:2026 18:24,19.8,88.6,914.9,852.9
28:06:2026 18:25,19.7,88.8,914.9,853.0
28:06:2026 18:26,19.8,88.7,914.9,852.6
28:06:2026 18:27,19.7,88.9,914.9,852.7
28:06:2026 18:28,19.7,88.9,915.0,852.5
28:06:2026 18:29,19.7,88.8,915.0,852.2
28:06:2026 18:30,19.8,88.7,915.0,852.5
28:06:2026 18:31,19.7,88.7,914.9,852.6
28:06:2026 18:32,19.8,88.7,915.0,852.1
28:06:2026 18:33,19.8,88.7,915.0,852.0
28:06:2026 18:35,19.7,88.7,915.0,851.8
28:06:2026 18:36,19.8,88.6,915.1,851.5
28:06:2026 18:37,19.8,88.6,915.1,851.4
28:06:2026 18:38,19.8,87.6,915.1,851.4
28:06:2026 18:39,19.8,88.1,915.1,851.4
28:06:2026 18:40,19.8,88.5,915.1,851.2
28:06:2026 18:41,19.9,88.3,915.1,851.3
28:06:2026 18:42,19.9,88.1,915.1,851.3
28:06:2026 18:43,20.0,88.1,915.1,851.4
28:06:2026 18:44,20.0,87.9,915.1,851.4
28:06:2026 18:45,20.0,87.9,915.1,851.3
28:06:2026 18:47,20.1,87.7,915.1,851.4
28:06:2026 18:48,20.1,87.5,915.1,851.5
28:06:2026 18:49,20.1,87.5,915.1,851.1
28:06:2026 18:50,20.1,87.5,915.1,851.4
28:06:2026 18:51,20.1,87.7,915.1,851.2
28:06:2026 18:52,20.2,87.4,915.1,851.5
28:06:2026 18:53,20.2,87.3,915.1,851.2
28:06:2026 18:54,20.3,87.0,915.1,851.3
28:06:2026 18:55,20.4,86.9,915.1,851.0
28:06:2026 18:56,20.4,86.9,915.1,851.0
28:06:2026 18:58,20.4,86.9,915.2,850.7
28:06:2026 18:59,20.4,87.0,915.1,850.9
28:06:2026 19:00,20.5,87.2,915.1,851.0
28:06:2026 19:01,20.6,86.8,915.1,850.9
28:06:2026 19:02,20.6,87.0,915.2,850.7
28:06:2026 19:03,20.5,87.3,915.2,850.4
28:06:2026 19:04,20.5,87.3,915.2,850.4
28:06:2026 19:05,20.5,87.5,915.2,850.6
28:06:2026 19:06,20.5,87.5,915.1,850.8
28:06:2026 19:07,20.6,87.4,915.1,850.9
28:06:2026 19:09,20.6,87.6,915.2,850.8
28:06:2026 19:10,20.6,87.4,915.1,851.4
28:06:2026 19:11,20.7,87.2,915.1,851.6
28:06:2026 19:12,20.6,87.3,915.1,851.6
28:06:2026 19:13,20.6,87.5,915.1,851.6
28:06:2026 19:14,20.6,87.6,915.1,851.4
28:06:2026 19:15,20.7,87.4,915.1,851.5
28:06:2026 19:16,20.6,87.6,915.0,851.8
28:06:2026 19:17,20.6,87.7,915.2,850.8
28:06:2026 19:18,20.7,87.5,915.2,850.0
28:06:2026 19:19,20.6,87.7,915.3,849.9
28:06:2026 19:21,20.7,87.3,915.3,849.7
28:06:2026 19:22,20.6,87.6,915.3,849.4
28:06:2026 19:23,20.7,87.7,915.3,849.3
28:06:2026 19:24,20.7,87.5,915.3,849.1
28:06:2026 19:25,20.6,87.7,915.4,848.6
28:06:2026 19:26,20.6,87.5,915.4,848.3
28:06:2026 19:27,20.7,87.7,915.4,848.3
28:06:2026 19:28,20.7,87.5,915.4,848.1
28:06:2026 19:29,20.7,87.6,915.5,847.8
28:06:2026 19:30,20.7,87.8,915.5,847.7
28:06:2026 19:31,20.7,87.9,915.5,847.5
28:06:2026 19:33,20.7,87.9,915.5,847.2
28:06:2026 19:35,20.7,87.6,915.6,847.1
28:06:2026 19:36,20.7,87.9,915.6,846.9
28:06:2026 19:37,20.6,87.9,915.6,846.7
28:06:2026 19:38,20.6,88.2,915.7,846.1
28:06:2026 19:39,20.7,87.6,915.6,846.3
28:06:2026 19:40,20.7,88.1,915.7,845.9
28:06:2026 19:41,20.7,88.0,915.7,845.7
28:06:2026 19:42,20.7,88.1,915.7,845.6
28:06:2026 19:43,20.7,88.0,915.8,845.3
28:06:2026 19:45,20.7,87.9,915.8,845.1
28:06:2026 19:46,20.7,88.1,915.8,845.3
28:06:2026 19:47,20.7,88.0,915.7,845.5
28:06:2026 19:48,20.8,87.9,915.7,845.5
28:06:2026 19:49,20.8,88.0,915.7,845.4
28:06:2026 19:50,20.7,88.1,915.7,845.7
28:06:2026 19:51,20.7,88.1,915.7,845.6
28:06:2026 19:52,20.8,88.1,915.7,845.4
28:06:2026 19:53,20.8,88.0,915.7,845.4
28:06:2026 19:54,20.7,88.2,915.7,845.4
28:06:2026 19:55,20.7,88.3,915.8,844.9
28:06:2026 19:57,20.7,88.3,915.8,845.0
28:06:2026 19:58,20.8,88.1,915.8,845.2
28:06:2026 19:59,20.8,88.0,915.8,845.0
28:06:2026 20:00,20.8,88.2,915.8,845.1
28:06:2026 20:01,20.8,88.1,915.8,845.2
28:06:2026 20:02,20.8,88.0,915.8,845.1
28:06:2026 20:03,20.8,87.9,915.8,845.0
28:06:2026 20:04,20.8,88.2,915.8,844.8
28:06:2026 20:05,20.8,88.1,915.8,845.2
28:06:2026 20:06,20.8,88.0,915.8,844.8
28:06:2026 20:07,20.9,88.0,915.8,845.0
28:06:2026 20:09,20.9,87.9,915.8,844.8
28:06:2026 20:10,20.8,88.2,915.8,845.1
28:06:2026 20:11,20.9,88.0,915.8,844.9
28:06:2026 20:12,20.9,87.8,915.8,844.8
28:06:2026 20:13,20.8,88.1,915.8,844.7
28:06:2026 20:14,20.8,88.1,915.9,844.3
28:06:2026 20:15,20.9,88.1,915.9,844.3
28:06:2026 20:16,20.9,88.0,915.9,844.0
28:06:2026 20:17,20.9,88.1,915.9,843.9
28:06:2026 20:18,20.9,88.0,915.9,844.1
28:06:2026 20:19,20.8,88.1,915.9,844.2
28:06:2026 20:21,20.9,88.1,915.9,844.2
28:06:2026 20:22,21.0,87.9,915.9,844.4
28:06:2026 20:23,20.9,88.0,915.9,844.3
28:06:2026 20:24,20.9,88.0,915.8,844.6
28:06:2026 20:25,20.9,88.0,915.8,844.5
28:06:2026 20:26,20.9,88.0,915.8,844.5
28:06:2026 20:27,20.9,88.1,915.8,844.4
28:06:2026 20:28,20.9,88.2,915.8,844.7
28:06:2026 20:29,20.9,88.1,915.8,844.7
28:06:2026 20:30,20.9,88.0,915.8,844.7
28:06:2026 20:31,21.0,88.0,915.8,844.9
28:06:2026 20:33,20.9,87.9,915.8,845.0
28:06:2026 20:34,20.9,88.0,915.8,845.1
28:06:2026 20:35,20.9,87.9,915.8,845.3
28:06:2026 20:36,21.0,87.9,915.7,845.5
28:06:2026 20:37,20.9,87.9,915.7,845.5
28:06:2026 20:38,20.9,87.9,915.8,845.1
28:06:2026 20:39,21.0,88.0,915.8,845.0
28:06:2026 20:40,21.0,88.1,915.8,844.7
28:06:2026 20:41,21.0,88.2,915.9,843.6
28:06:2026 20:42,20.9,88.1,916.2,841.4
28:06:2026 20:43,20.9,88.2,916.4,839.1
28:06:2026 20:45,21.0,87.5,916.5,838.1
28:06:2026 20:46,21.0,87.9,916.7,837.1
28:06:2026 20:47,20.9,88.0,916.6,837.5
28:06:2026 20:48,21.0,87.8,916.6,837.3
28:06:2026 20:49,20.9,87.9,916.7,836.7
28:06:2026 20:50,21.0,87.9,916.7,836.6
28:06:2026 20:51,21.0,87.8,916.8,836.2
28:06:2026 20:52,20.9,88.0,916.8,835.9
28:06:2026 20:53,21.0,88.0,916.9,835.3
28:06:2026 20:54,21.0,87.9,916.9,835.0
28:06:2026 20:55,21.0,87.9,917.0,834.1
28:06:2026 20:57,21.0,87.9,917.1,833.0
28:06:2026 20:58,20.9,88.0,917.1,833.6
28:06:2026 20:59,21.0,87.9,917.0,834.1
28:06:2026 21:00,21.0,87.9,917.0,833.7
28:06:2026 21:01,21.0,86.5,917.1,833.6
28:06:2026 21:02,21.0,87.5,917.1,833.4
28:06:2026 21:03,21.0,87.6,917.2,832.1
28:06:2026 21:04,21.0,85.7,917.3,831.1
28:06:2026 21:05,21.0,87.3,917.3,831.7
28:06:2026 21:06,21.0,86.5,917.2,831.9
28:06:2026 21:07,20.9,87.0,917.3,831.2
28:06:2026 21:08,21.0,85.7,917.4,830.2
28:06:2026 21:10,20.9,86.9,917.6,828.9
28:06:2026 21:11,21.0,87.4,917.7,828.0
28:06:2026 21:12,21.0,87.3,917.6,828.5
28:06:2026 21:13,21.0,86.8,917.5,829.6
28:06:2026 21:14,21.0,86.7,917.4,830.1
28:06:2026 21:15,21.1,86.1,917.4,830.6
28:06:2026 21:16,21.0,86.6,917.4,830.7
28:06:2026 21:17,20.9,86.7,917.3,831.5
28:06:2026 21:18,21.0,87.3,917.3,831.5
28:06:2026 21:19,21.0,87.3,917.4,830.9
28:06:2026 21:20,20.9,87.5,917.3,831.5
28:06:2026 21:22,20.9,87.5,917.2,832.0
28:06:2026 21:23,20.9,87.3,917.2,832.5
28:06:2026 21:24,20.9,86.7,917.2,831.8
28:06:2026 21:25,20.9,87.2,917.3,831.6
28:06:2026 21:26,20.9,87.4,917.3,831.7
28:06:2026 21:27,21.0,86.1,917.3,831.4
28:06:2026 21:28,20.9,86.9,917.4,830.1
28:06:2026 21:29,20.9,86.9,917.5,829.1
28:06:2026 21:30,21.0,86.7,917.6,828.4
28:06:2026 21:31,21.0,86.6,917.6,828.3
28:06:2026 21:32,21.0,87.0,917.7,827.9
28:06:2026 21:34,21.0,86.7,917.7,827.9
28:06:2026 21:35,21.0,87.1,917.6,828.6
28:06:2026 21:36,20.9,86.7,917.5,829.2
28:06:2026 21:37,20.9,87.3,917.5,829.5
28:06:2026 21:38,20.9,87.5,917.5,829.3
28:06:2026 21:39,20.9,86.8,917.5,829.9
28:06:2026 21:40,20.9,87.2,917.4,830.3
28:06:2026 21:41,21.0,87.3,917.4,830.3
28:06:2026 21:42,21.0,87.3,917.4,830.2
28:06:2026 21:43,21.1,87.2,917.4,830.2
28:06:2026 21:44,21.1,86.8,917.4,830.7
28:06:2026 21:46,21.0,87.0,917.4,830.5
28:06:2026 21:47,21.0,87.2,917.4,830.2
28:06:2026 21:48,21.0,87.2,917.5,829.5
28:06:2026 21:49,21.1,87.2,917.6,828.9
28:06:2026 21:50,21.0,87.2,917.5,829.5
28:06:2026 21:51,21.0,87.1,917.5,829.9
28:06:2026 21:52,21.1,87.1,917.4,830.2
28:06:2026 21:53,21.1,86.6,917.4,830.4
28:06:2026 21:54,21.1,87.2,917.4,830.0
28:06:2026 21:55,21.1,87.1,917.5,829.2
28:06:2026 21:56,21.1,87.2,917.6,828.8
28:06:2026 21:57,21.0,86.9,917.6,829.1
28:06:2026 21:59,21.0,87.1,917.5,829.9
28:06:2026 22:00,21.1,86.7,917.4,830.3
28:06:2026 22:01,21.0,86.7,917.4,830.4
28:06:2026 22:02,21.0,86.9,917.5,829.6
28:06:2026 22:03,21.1,87.1,917.6,828.4
28:06:2026 22:04,21.0,87.2,917.7,828.0
28:06:2026 22:05,21.0,87.2,917.7,828.2
28:06:2026 22:06,21.0,87.2,917.6,828.7
28:06:2026 22:07,21.1,87.4,917.5,829.5
28:06:2026 22:08,21.0,87.3,917.4,830.0
28:06:2026 22:09,21.0,87.1,917.4,830.5
28:06:2026 22:11,21.0,87.2,917.4,830.4
28:06:2026 22:12,21.0,87.3,917.4,830.5
28:06:2026 22:13,21.0,87.4,917.4,830.6
28:06:2026 22:14,21.0,87.3,917.3,831.0
28:06:2026 22:15,21.1,87.2,917.3,831.7
28:06:2026 22:16,21.0,87.2,917.2,832.3
28:06:2026 22:17,21.0,87.3,917.2,832.6
28:06:2026 22:18,21.1,87.3,917.1,832.8
28:06:2026 22:19,21.2,87.0,917.1,832.8
28:06:2026 22:20,21.1,87.1,917.1,833.3
28:06:2026 22:21,21.0,87.4,917.1,833.4
28:06:2026 22:23,21.0,87.4,917.1,833.0
28:06:2026 22:24,21.1,87.1,917.2,832.5
28:06:2026 22:25,21.1,87.3,917.3,831.3
28:06:2026 22:26,21.1,87.1,917.4,830.5
28:06:2026 22:27,21.1,87.1,917.4,830.4
28:06:2026 22:28,21.2,87.0,917.4,830.5
28:06:2026 22:29,21.1,87.3,917.3,831.1
28:06:2026 22:30,21.0,87.1,917.3,831.5
28:06:2026 22:31,21.0,86.9,917.2,831.9
28:06:2026 22:32,21.1,87.2,917.2,832.2
28:06:2026 22:33,21.0,87.2,917.1,832.9
28:06:2026 22:35,21.1,87.1,917.1,833.2
28:06:2026 22:36,21.1,87.2,917.1,832.9
28:06:2026 22:37,21.1,87.1,917.2,832.6
28:06:2026 22:38,21.1,87.2,917.2,832.4
28:06:2026 22:39,21.1,86.9,917.2,832.5
28:06:2026 22:40,21.1,87.0,917.2,832.7
28:06:2026 22:41,21.1,87.1,917.1,833.2
28:06:2026 22:42,21.1,87.2,917.0,833.7
28:06:2026 22:43,21.1,85.8,916.9,834.6
28:06:2026 22:44,21.1,86.8,916.9,834.6
28:06:2026 22:45,21.0,87.0,917.0,834.3
28:06:2026 22:47,21.1,85.8,917.0,834.0
28:06:2026 22:48,21.1,86.4,917.1,833.3
28:06:2026 22:49,21.1,86.9,917.2,832.6
28:06:2026 22:50,21.1,86.9,917.2,832.4
28:06:2026 22:51,21.1,87.0,917.2,832.3
28:06:2026 22:52,21.0,87.1,917.2,831.9
28:06:2026 22:53,21.1,87.2,917.3,831.2
28:06:2026 22:54,21.0,87.0,917.4,830.8
28:06:2026 22:55,21.0,87.0,917.4,830.4
28:06:2026 22:56,21.1,87.0,917.4,830.1
28:06:2026 22:57,21.1,86.9,917.5,829.8
28:06:2026 22:59,21.0,87.0,917.5,829.5
28:06:2026 23:00,21.2,87.1,917.6,828.9
28:06:2026 23:01,21.1,87.0,917.6,829.1
28:06:2026 23:02,21.0,87.2,917.5,829.4
28:06:2026 23:03,21.1,87.1,917.4,830.1
28:06:2026 23:04,21.1,87.0,917.4,830.7
28:06:2026 23:05,21.1,87.1,917.4,830.7
28:06:2026 23:06,21.1,87.0,917.4,830.4
28:06:2026 23:07,21.2,86.9,917.5,829.7
28:06:2026 23:08,21.3,86.6,917.5,829.4
28:06:2026 23:09,21.2,86.6,917.5,829.2
28:06:2026 23:11,21.2,86.8,917.6,828.8
28:06:2026 23:12,21.1,86.5,917.7,828.1
28:06:2026 23:13,21.2,86.6,917.7,828.0
28:06:2026 23:14,21.1,86.7,917.7,827.8
28:06:2026 23:15,21.2,86.8,917.7,827.3
28:06:2026 23:16,21.2,86.8,917.7,827.7
28:06:2026 23:17,21.1,86.8,917.7,827.5
28:06:2026 23:18,21.2,87.1,917.7,827.5
28:06:2026 23:19,21.1,87.0,917.7,827.5
28:06:2026 23:20,21.2,87.0,917.7,827.5
28:06:2026 23:21,21.1,87.1,917.7,827.7
28:06:2026 23:22,21.1,87.0,917.7,828.0
28:06:2026 23:24,21.1,87.0,917.6,828.8
28:06:2026 23:25,21.1,87.1,917.5,829.3
28:06:2026 23:26,21.1,87.0,917.5,829.9
28:06:2026 23:27,21.2,86.8,917.4,830.2
28:06:2026 23:28,21.1,86.9,917.5,829.8
28:06:2026 23:29,21.1,87.1,917.5,829.6
28:06:2026 23:30,21.1,87.3,917.5,829.5
28:06:2026 23:31,21.1,87.3,917.5,829.6
28:06:2026 23:32,21.0,87.3,917.5,830.0
28:06:2026 23:33,21.1,87.3,917.5,829.6
28:06:2026 23:35,21.1,87.4,917.4,830.2
28:06:2026 23:36,21.2,87.3,917.4,830.5
28:06:2026 23:37,21.1,87.3,917.3,831.1
28:06:2026 23:38,21.1,87.3,917.3,831.5
28:06:2026 23:39,21.1,87.2,917.3,831.8
28:06:2026 23:40,21.0,87.4,917.2,831.9
28:06:2026 23:41,21.0,87.6,917.2,832.2
28:06:2026 23:42,21.1,86.1,917.2,832.4
28:06:2026 23:43,21.1,87.2,917.2,832.4
28:06:2026 23:44,21.0,86.7,917.1,832.9
28:06:2026 23:45,21.0,87.5,917.1,833.1
28:06:2026 23:47,20.9,87.6,917.1,833.3
28:06:2026 23:48,20.9,87.6,917.1,833.1
28:06:2026 23:49,20.8,87.8,917.1,832.7
28:06:2026 23:50,20.8,87.8,917.2,832.7
28:06:2026 23:51,20.8,88.0,917.2,832.3
28:06:2026 23:52,20.7,87.8,917.2,832.3
28:06:2026 23:53,20.7,87.5,917.2,832.4
28:06:2026 23:54,20.7,88.0,917.2,832.1
28:06:2026 23:55,20.6,87.9,917.2,832.2
28:06:2026 23:56,20.6,88.0,917.2,832.1
28:06:2026 23:57,20.6,87.9,917.2,832.1
28:06:2026 23:59,20.6,88.1,917.2,832.3
29:06:2026 00:00,20.6,88.0,917.2,832.3
29:06:2026 00:01,20.5,88.0,917.2,832.6
29:06:2026 00:02,20.5,88.0,917.1,832.7
29:06:2026 00:03,20.5,88.0,917.1,832.8
29:06:2026 00:04,20.4,88.3,917.1,832.9
29:06:2026 00:05,20.4,88.6,917.2,832.5
29:06:2026 00:06,20.4,88.4,917.2,832.2
29:06:2026 00:07,20.4,88.7,917.2,831.9
29:06:2026 00:08,20.4,88.8,917.3,831.7
29:06:2026 00:10,20.4,88.7,917.3,831.6
29:06:2026 00:11,20.3,89.1,917.3,831.4
29:06:2026 00:12,20.3,88.8,917.3,831.0
29:06:2026 00:13,20.3,88.5,917.3,831.0
29:06:2026 00:14,20.3,89.1,917.4,830.8
29:06:2026 00:15,20.3,89.1,917.4,830.5
29:06:2026 00:16,20.3,89.2,917.4,830.1
29:06:2026 00:17,20.3,89.1,917.5,829.7
29:06:2026 00:18,20.2,89.4,917.5,829.3
29:06:2026 00:19,20.2,89.4,917.6,828.8
29:06:2026 00:20,20.2,89.5,917.6,829.1
29:06:2026 00:22,20.2,89.6,917.5,829.2
29:06:2026 00:23,20.2,89.3,917.5,829.7
29:06:2026 00:24,20.2,89.6,917.5,829.9
29:06:2026 00:25,20.2,89.4,917.4,830.1
29:06:2026 00:26,20.1,89.8,917.5,829.9
29:06:2026 00:27,20.1,89.7,917.4,830.0
29:06:2026 00:28,20.1,89.7,917.5,829.6
29:06:2026 00:29,20.1,89.7,917.5,829.8
29:06:2026 00:30,20.1,89.8,917.5,829.8
29:06:2026 00:31,20.1,89.8,917.5,829.7
29:06:2026 00:33,20.1,90.0,917.5,829.6
29:06:2026 00:34,20.1,89.9,917.5,829.7
29:06:2026 00:35,20.1,89.9,917.5,829.9
29:06:2026 00:36,20.1,90.0,917.4,830.1
29:06:2026 00:37,20.1,89.9,917.4,830.0
29:06:2026 00:38,20.0,89.9,917.4,830.4
29:06:2026 00:39,20.0,90.1,917.4,830.5
29:06:2026 00:40,20.0,90.1,917.4,830.4
29:06:2026 00:41,20.0,90.1,917.4,830.4
29:06:2026 00:42,20.0,90.2,917.4,830.4
29:06:2026 00:43,20.0,89.9,917.4,830.3
29:06:2026 00:45,20.0,90.1,917.5,829.9
29:06:2026 00:46,20.0,90.1,917.5,829.2
29:06:2026 00:47,20.0,90.2,917.6,828.9
29:06:2026 00:48,20.0,90.2,917.6,828.6
29:06:2026 00:49,20.0,90.1,917.6,828.9
29:06:2026 00:50,20.0,90.2,917.6,828.9
29:06:2026 00:51,20.0,90.1,917.6,829.0
29:06:2026 00:52,19.9,90.1,917.6,829.0
29:06:2026 00:53,19.9,90.1,917.5,829.6
29:06:2026 00:54,19.9,90.1,917.4,830.1
29:06:2026 00:56,19.9,90.1,917.4,830.8
29:06:2026 00:57,19.9,90.2,917.3,831.8
29:06:2026 00:58,19.9,90.2,917.2,832.1
29:06:2026 00:59,19.9,90.2,917.3,831.7
29:06:2026 01:00,19.9,90.3,917.3,831.3
29:06:2026 01:01,19.9,90.2,917.2,832.0
29:06:2026 01:02,19.9,90.2,917.2,832.3
29:06:2026 01:03,19.9,90.3,917.2,832.1
29:06:2026 01:04,19.9,90.2,917.3,830.9
29:06:2026 01:05,19.8,90.2,917.5,829.7
29:06:2026 01:06,19.9,90.1,917.6,828.9
29:06:2026 01:08,19.8,90.2,917.6,828.4
29:06:2026 01:09,19.8,90.1,917.6,828.5
29:06:2026 01:10,19.8,90.1,917.6,828.6
29:06:2026 01:11,19.8,90.1,917.5,829.1
29:06:2026 01:12,19.9,90.1,917.5,829.8
29:06:2026 01:13,19.9,89.9,917.5,829.9
29:06:2026 01:14,19.9,89.7,917.4,830.1
29:06:2026 01:15,19.9,89.7,917.6,829.1
29:06:2026 01:16,19.9,89.7,917.7,827.4
29:06:2026 01:17,19.8,89.7,917.9,825.8
29:06:2026 01:19,19.9,89.7,917.9,825.6
29:06:2026 01:20,19.8,89.8,918.0,824.8
29:06:2026 01:21,19.8,89.9,918.2,823.0
29:06:2026 01:22,19.8,89.9,918.6,819.8
29:06:2026 01:23,19.8,89.7,919.0,815.7
29:06:2026 01:24,19.8,89.9,919.2,813.9
29:06:2026 01:25,19.8,89.7,919.3,813.1
29:06:2026 01:26,19.8,89.7,919.1,814.7
29:06:2026 01:27,19.8,89.7,918.9,816.6
29:06:2026 01:28,19.8,89.4,918.6,819.9
29:06:2026 01:29,19.8,89.5,918.4,821.5
29:06:2026 01:31,19.7,89.5,918.4,821.3
29:06:2026 01:32,19.7,89.7,918.3,822.6
29:06:2026 01:33,19.7,89.8,918.1,824.0
29:06:2026 01:34,19.7,89.9,918.0,824.7
29:06:2026 01:35,19.7,89.5,917.8,826.4
29:06:2026 01:36,19.8,89.3,917.9,826.3
29:06:2026 01:37,19.8,89.4,917.9,825.6
29:06:2026 01:38,19.8,89.5,917.8,826.7
29:06:2026 01:39,19.7,89.6,917.6,828.5
29:06:2026 01:40,19.7,89.5,917.4,830.0
29:06:2026 01:41,19.7,89.7,917.4,830.4
29:06:2026 01:43,19.7,89.7,917.3,831.7
29:06:2026 01:44,19.7,89.8,917.1,833.2
29:06:2026 01:45,19.7,89.7,917.0,834.3
29:06:2026 01:46,19.7,89.8,916.9,835.0
29:06:2026 01:47,19.7,89.8,916.9,835.3
29:06:2026 01:48,19.7,89.9,916.8,835.6
29:06:2026 01:49,19.7,89.8,916.7,836.5
29:06:2026 01:50,19.7,89.9,916.6,837.5
29:06:2026 01:51,19.7,90.0,916.5,838.7
29:06:2026 01:52,19.6,89.9,916.3,840.6
29:06:2026 01:54,19.6,89.9,916.1,842.1
29:06:2026 01:55,19.6,89.8,916.0,843.0
29:06:2026 01:56,19.7,90.0,916.0,843.4
29:06:2026 01:57,19.6,90.1,916.0,843.4
29:06:2026 01:58,19.6,90.1,916.0,843.3
29:06:2026 01:59,19.6,90.0,915.9,843.8
29:06:2026 02:00,19.6,90.1,915.9,844.1
29:06:2026 02:01,19.6,90.1,915.9,843.9
29:06:2026 02:02,19.6,90.2,915.9,844.3
29:06:2026 02:03,19.6,90.1,915.8,844.8
29:06:2026 02:05,19.6,90.1,915.8,845.1
29:06:2026 02:06,19.6,90.1,915.8,845.3
29:06:2026 02:07,19.6,90.1,915.7,845.6
29:06:2026 02:08,19.6,90.2,915.6,846.4
29:06:2026 02:09,19.6,90.1,915.6,847.1
29:06:2026 02:10,19.6,90.1,915.6,846.9
29:06:2026 02:11,19.6,90.1,915.6,846.8
29:06:2026 02:12,19.6,90.1,915.5,847.3
29:06:2026 02:13,19.6,90.1,915.5,847.6
29:06:2026 02:14,19.6,90.1,915.5,847.8
29:06:2026 02:15,19.6,90.1,915.5,848.0
29:06:2026 02:17,19.6,90.1,915.4,848.5
29:06:2026 02:18,19.6,90.1,915.4,848.5
29:06:2026 02:19,19.6,90.2,915.4,848.3
29:06:2026 02:20,19.6,90.2,915.4,848.5
29:06:2026 02:21,19.6,90.1,915.4,848.4
29:06:2026 02:22,19.6,90.2,915.5,847.3
29:06:2026 02:23,19.6,90.1,915.6,847.1
29:06:2026 02:24,19.6,90.0,915.5,847.7
29:06:2026 02:25,19.6,90.0,915.2,850.5
29:06:2026 02:26,19.6,89.6,915.0,852.0
29:06:2026 02:27,19.6,89.7,915.2,850.7
29:06:2026 02:29,19.6,89.8,915.3,849.9
29:06:2026 02:30,19.6,89.7,915.2,849.9
29:06:2026 02:31,19.6,89.8,915.0,851.9
29:06:2026 02:32,19.6,89.6,915.0,852.6
29:06:2026 02:33,19.6,89.6,915.0,852.0
29:06:2026 02:34,19.6,89.8,915.1,851.3
29:06:2026 02:35,19.5,89.7,915.2,850.6
29:06:2026 02:36,19.6,89.7,915.2,850.5
29:06:2026 02:37,19.5,89.9,915.1,851.1
29:06:2026 02:38,19.5,90.0,915.1,851.4
29:06:2026 02:40,19.5,89.9,915.1,851.2
29:06:2026 02:41,19.5,90.0,915.2,850.6
29:06:2026 02:42,19.5,90.1,915.2,849.9
29:06:2026 02:43,19.5,90.0,915.2,850.1
29:06:2026 02:44,19.5,90.1,915.2,850.3
29:06:2026 02:45,19.5,90.1,915.2,850.7
29:06:2026 02:46,19.5,90.1,915.2,850.4
29:06:2026 02:47,19.5,90.0,915.2,850.6
29:06:2026 02:48,19.5,90.1,915.2,850.7
29:06:2026 02:49,19.5,90.1,915.1,850.8
29:06:2026 02:50,19.5,90.1,915.1,851.1
29:06:2026 02:52,19.5,90.1,915.1,851.3
29:06:2026 02:53,19.5,90.1,915.1,851.5
29:06:2026 02:54,19.5,90.2,915.1,851.6
29:06:2026 02:55,19.5,90.1,915.1,851.6
29:06:2026 02:56,19.4,90.1,915.0,852.0
29:06:2026 02:57,19.4,90.2,915.0,852.4
29:06:2026 02:58,19.4,90.2,914.9,852.8
29:06:2026 02:59,19.5,90.2,914.9,853.2
29:06:2026 03:00,19.5,90.2,915.0,852.5
29:06:2026 03:01,19.5,90.1,915.0,851.8
29:06:2026 03:03,19.5,90.1,915.0,851.7
29:06:2026 03:04,19.5,90.2,915.0,852.1
29:06:2026 03:05,19.5,90.2,914.9,853.0
29:06:2026 03:06,19.5,90.1,914.9,853.1
29:06:2026 03:07,19.5,90.2,914.9,853.0
29:06:2026 03:08,19.5,90.1,915.0,852.0
29:06:2026 03:09,19.5,90.1,915.1,851.3
29:06:2026 03:10,19.5,90.1,915.1,851.3
29:06:2026 03:11,19.5,90.1,915.1,851.0
29:06:2026 03:12,19.5,89.9,915.1,850.9
29:06:2026 03:13,19.5,90.0,915.2,850.6
29:06:2026 03:15,19.5,89.9,915.2,850.2
29:06:2026 03:16,19.5,89.9,915.2,850.0
29:06:2026 03:17,19.5,89.9,915.3,849.7
29:06:2026 03:18,19.4,89.9,915.2,850.0
29:06:2026 03:19,19.4,90.0,915.2,849.9
29:06:2026 03:20,19.4,90.1,915.2,850.2
29:06:2026 03:21,19.4,90.1,915.2,850.6
29:06:2026 03:22,19.4,90.1,915.2,850.6
29:06:2026 03:23,19.5,90.0,915.1,851.0
29:06:2026 03:24,19.4,89.9,915.1,851.2
29:06:2026 03:26,19.4,90.0,915.1,851.4
29:06:2026 03:27,19.4,90.0,915.1,851.4
29:06:2026 03:28,19.4,90.0,915.1,851.0
29:06:2026 03:29,19.4,90.1,915.1,851.1
29:06:2026 03:30,19.4,90.0,915.1,851.0
29:06:2026 03:31,19.4,90.0,915.1,851.0
29:06:2026 03:32,19.4,90.0,915.1,850.8
29:06:2026 03:33,19.4,90.0,915.2,850.5
29:06:2026 03:34,19.4,90.0,915.2,850.8
29:06:2026 03:35,19.4,90.0,915.2,850.8
29:06:2026 03:36,19.4,90.1,915.2,850.7
29:06:2026 03:38,19.4,90.0,915.2,850.8
29:06:2026 03:39,19.4,90.1,915.1,850.8
29:06:2026 03:40,19.4,90.0,915.2,850.6
29:06:2026 03:41,19.4,90.0,915.2,850.8
29:06:2026 03:42,19.4,90.1,915.1,850.8
29:06:2026 03:43,19.4,90.1,915.1,850.8
29:06:2026 03:44,19.4,90.1,915.2,850.6
29:06:2026 03:45,19.4,90.1,915.2,850.5
29:06:2026 03:46,19.4,90.1,915.2,850.6
29:06:2026 03:47,19.4,90.0,915.2,850.5
29:06:2026 03:49,19.4,90.1,915.2,850.2
29:06:2026 03:50,19.4,90.1,915.2,850.3
29:06:2026 03:51,19.4,90.2,915.2,850.7
29:06:2026 03:52,19.4,90.2,915.1,850.9
29:06:2026 03:53,19.4,90.2,915.1,851.2
29:06:2026 03:54,19.4,90.3,915.1,851.6
29:06:2026 03:55,19.4,90.2,915.1,851.5
29:06:2026 03:56,19.4,90.3,915.1,851.3
29:06:2026 03:57,19.4,90.4,915.2,850.5
29:06:2026 03:58,19.4,90.4,915.2,850.0
29:06:2026 03:59,19.4,90.5,915.3,849.4
29:06:2026 04:01,19.4,90.5,915.3,849.1
29:06:2026 04:02,19.4,90.5,915.3,849.0
29:06:2026 04:03,19.4,90.5,915.4,848.8
29:06:2026 04:04,19.4,90.5,915.4,848.7
29:06:2026 04:05,19.4,90.4,915.4,848.6
29:06:2026 04:06,19.4,90.5,915.4,848.8
29:06:2026 04:07,19.4,90.5,915.4,848.9
29:06:2026 04:08,19.4,90.5,915.4,848.7
29:06:2026 04:09,19.3,90.5,915.4,848.4
29:06:2026 04:10,19.4,90.5,915.4,848.3
29:06:2026 04:11,19.4,90.5,915.4,848.3
29:06:2026 04:13,19.4,90.5,915.5,848.0
29:06:2026 04:14,19.4,90.4,915.5,847.8
29:06:2026 04:15,19.4,90.4,915.5,848.0
29:06:2026 04:16,19.4,90.3,915.4,848.1
29:06:2026 04:17,19.4,90.3,915.4,848.2
29:06:2026 04:18,19.4,90.3,915.5,847.9
29:06:2026 04:19,19.4,90.3,915.5,847.4
29:06:2026 04:20,19.4,90.4,915.5,847.3
29:06:2026 04:21,19.4,90.4,915.6,846.6
29:06:2026 04:22,19.4,90.4,915.7,846.2
29:06:2026 04:24,19.3,90.5,915.7,845.9
29:06:2026 04:25,19.4,90.4,915.7,845.5
29:06:2026 04:26,19.3,88.8,915.8,845.3
29:06:2026 04:27,19.4,88.5,915.8,845.0
29:06:2026 04:28,19.5,89.3,915.8,844.8
29:06:2026 04:29,19.4,88.1,915.9,844.4
29:06:2026 04:30,19.3,89.0,915.9,844.1
29:06:2026 04:31,19.3,89.3,915.9,843.8
29:06:2026 04:32,19.3,89.6,916.0,843.4
29:06:2026 04:33,19.3,89.6,916.0,843.4
29:06:2026 04:34,19.3,89.8,915.9,843.6
29:06:2026 04:36,19.3,89.9,915.9,844.2
29:06:2026 04:37,19.3,89.9,915.8,844.7
29:06:2026 04:38,19.3,90.0,915.7,845.5
29:06:2026 04:39,19.3,89.9,915.8,845.0
29:06:2026 04:40,19.3,90.0,915.9,844.2
29:06:2026 04:41,19.3,90.0,916.0,843.4
29:06:2026 04:42,19.3,90.0,916.0,842.9
29:06:2026 04:43,19.3,90.1,916.1,842.6
29:06:2026 04:44,19.3,90.1,916.1,842.6
29:06:2026 04:45,19.3,90.2,916.0,842.9
29:06:2026 04:47,19.3,90.2,916.0,843.1
29:06:2026 04:48,19.3,90.1,916.0,843.2
29:06:2026 04:49,19.3,90.2,916.0,843.0
29:06:2026 04:50,19.3,90.1,916.0,842.7
29:06:2026 04:51,19.3,90.1,916.1,842.1
29:06:2026 04:52,19.3,90.0,916.1,842.6
29:06:2026 04:53,19.3,90.1,916.0,843.4
29:06:2026 04:54,19.3,90.0,915.8,844.9
29:06:2026 04:55,19.3,89.9,915.7,846.0
29:06:2026 04:56,19.3,88.7,915.6,846.7
29:06:2026 04:57,19.3,88.9,915.6,846.8
29:06:2026 04:59,19.3,89.3,915.7,846.2
29:06:2026 05:00,19.3,89.6,915.8,845.3
29:06:2026 05:01,19.2,89.6,915.9,844.3
29:06:2026 05:02,19.2,89.6,915.9,843.9
29:06:2026 05:03,19.2,89.8,915.9,844.1
29:06:2026 05:04,19.3,89.9,915.7,845.5
29:06:2026 05:05,19.2,89.9,915.7,845.7
29:06:2026 05:06,19.2,89.8,915.9,844.3
29:06:2026 05:07,19.2,89.9,916.2,841.3
29:06:2026 05:08,19.2,90.0,916.7,836.4
29:06:2026 05:10,19.1,90.1,917.3,831.2
29:06:2026 05:11,19.2,90.3,917.8,827.2
29:06:2026 05:12,19.1,90.2,917.9,826.1
29:06:2026 05:13,19.2,89.8,917.6,828.7
29:06:2026 05:14,19.2,88.7,916.9,835.1
29:06:2026 05:15,19.2,89.3,916.6,837.6
29:06:2026 05:16,19.2,89.4,916.6,837.8
29:06:2026 05:17,19.2,89.4,916.6,837.2
29:06:2026 05:18,19.2,88.6,916.5,838.7
29:06:2026 05:19,19.2,88.6,916.4,839.2
29:06:2026 05:20,19.3,88.4,916.5,839.0
29:06:2026 05:22,19.2,89.0,916.4,839.1
29:06:2026 05:23,19.2,89.3,916.5,838.8
29:06:2026 05:24,19.2,89.4,916.6,837.7
29:06:2026 05:25,19.2,89.4,916.6,837.4
29:06:2026 05:26,19.2,89.3,916.6,837.4
29:06:2026 05:27,19.2,89.5,916.7,836.9
29:06:2026 05:28,19.1,89.5,916.7,836.4
29:06:2026 05:29,19.2,89.5,916.7,836.8
29:06:2026 05:30,19.1,89.6,916.7,837.1
29:06:2026 05:31,19.1,89.6,916.6,837.5
29:06:2026 05:32,19.1,89.6,916.5,838.1
29:06:2026 05:34,19.1,89.7,916.5,839.0
29:06:2026 05:35,19.1,89.8,916.4,839.5
29:06:2026 05:36,19.1,89.7,916.4,839.8
29:06:2026 05:37,19.1,89.8,916.3,840.3
29:06:2026 05:38,19.1,89.8,916.4,839.9
29:06:2026 05:39,19.1,89.8,916.5,839.0
29:06:2026 05:40,19.0,89.9,916.5,838.5
29:06:2026 05:41,19.1,89.9,916.6,838.1
29:06:2026 05:42,19.1,89.9,916.5,838.4
29:06:2026 05:43,19.1,90.0,916.5,838.9
29:06:2026 05:45,19.1,89.9,916.4,839.6
29:06:2026 05:46,19.1,90.0,916.3,839.9
29:06:2026 05:47,19.1,89.9,916.3,840.6
29:06:2026 05:48,19.1,89.9,916.3,840.6
29:06:2026 05:49,19.1,89.9,916.3,840.3
29:06:2026 05:50,19.1,90.0,916.4,839.6
29:06:2026 05:51,19.1,90.1,916.5,838.8
29:06:2026 05:52,19.1,90.1,916.5,838.8
29:06:2026 05:53,19.1,90.1,916.5,838.4
29:06:2026 05:54,19.1,90.1,916.6,837.9
29:06:2026 05:55,19.1,90.0,916.6,837.7
29:06:2026 05:57,19.1,90.0,916.6,837.2
29:06:2026 05:58,19.1,90.0,916.7,836.3
29:06:2026 05:59,19.1,89.9,916.8,836.3
29:06:2026 06:00,19.1,89.8,916.8,836.2
29:06:2026 06:01,19.1,89.9,916.7,836.5
29:06:2026 06:02,19.1,89.9,916.7,836.5
29:06:2026 06:03,19.1,89.9,917.0,834.1
29:06:2026 06:04,19.1,90.0,917.2,831.8
29:06:2026 06:05,19.1,90.0,917.2,832.3
29:06:2026 06:06,19.1,89.6,917.0,834.1
29:06:2026 06:08,19.1,88.6,916.8,835.9
29:06:2026 06:09,19.1,89.6,916.7,836.3
29:06:2026 06:10,19.1,89.7,916.7,836.6
29:06:2026 06:11,19.2,89.1,916.5,838.5
29:06:2026 06:12,19.2,87.8,916.0,843.3
29:06:2026 06:13,19.2,88.3,915.9,844.4
29:06:2026 06:14,19.1,89.1,916.3,840.1
29:06:2026 06:15,19.1,89.3,916.5,838.6
29:06:2026 06:16,19.1,89.3,916.5,838.8
29:06:2026 06:17,19.1,89.3,916.3,839.9
29:06:2026 06:18,19.1,89.4,916.1,842.5
29:06:2026 06:20,19.1,89.6,916.4,839.8
29:06:2026 06:21,19.1,89.4,916.4,839.8
29:06:2026 06:22,19.2,87.4,916.1,841.8
29:06:2026 06:23,19.1,87.8,916.1,842.6
29:06:2026 06:24,19.2,88.9,916.0,843.2
29:06:2026 06:25,19.1,89.1,915.9,843.7
29:06:2026 06:26,19.1,88.9,915.9,844.1
29:06:2026 06:27,19.1,88.9,915.9,843.8
29:06:2026 06:28,19.1,88.7,916.0,843.3
29:06:2026 06:29,19.1,89.1,915.9,843.6
29:06:2026 06:30,19.1,89.1,915.9,844.2
29:06:2026 06:32,19.1,88.0,915.7,845.4
29:06:2026 06:33,19.1,89.0,915.7,846.1
29:06:2026 06:34,19.1,89.3,915.8,844.9
29:06:2026 06:35,19.1,89.3,915.9,844.0
29:06:2026 06:36,19.1,89.3,915.9,844.1
29:06:2026 06:37,19.1,89.4,915.9,843.6
29:06:2026 06:38,19.0,89.5,916.0,843.5
29:06:2026 06:39,19.0,89.6,915.9,843.8
29:06:2026 06:40,19.0,89.8,915.8,844.5
29:06:2026 06:41,19.0,89.8,915.8,844.8
29:06:2026 06:43,19.0,89.7,915.9,844.2
29:06:2026 06:44,19.0,89.7,915.9,844.4
29:06:2026 06:45,19.0,89.6,915.8,844.9
29:06:2026 06:46,19.0,89.7,915.8,844.7
29:06:2026 06:47,19.0,89.6,915.8,844.5
29:06:2026 06:48,19.0,89.6,915.8,844.9
29:06:2026 06:49,19.0,89.7,915.8,845.3
29:06:2026 06:50,19.0,89.8,915.8,845.2
29:06:2026 06:51,19.0,89.7,915.8,845.3
29:06:2026 06:52,19.0,89.7,915.8,845.3
29:06:2026 06:53,19.0,89.8,915.8,845.0
29:06:2026 06:55,19.0,89.8,915.8,845.3
29:06:2026 06:56,19.0,89.9,915.7,845.6
29:06:2026 06:57,19.0,89.9,915.8,845.3
29:06:2026 06:58,19.0,89.9,915.8,844.6
29:06:2026 06:59,19.0,89.9,915.8,844.5
29:06:2026 07:00,19.0,89.8,915.8,844.9
29:06:2026 07:01,19.0,89.8,915.7,845.4
29:06:2026 07:02,19.0,89.9,915.7,845.6
29:06:2026 07:03,19.0,89.8,915.7,845.5
29:06:2026 07:04,19.0,89.8,915.9,844.3
29:06:2026 07:06,19.0,89.9,915.9,843.8
29:06:2026 07:07,19.0,90.0,915.9,843.7
29:06:2026 07:08,19.0,90.0,916.0,843.4
29:06:2026 07:09,18.9,90.1,916.0,843.0
29:06:2026 07:10,19.0,90.0,916.0,843.0
29:06:2026 07:11,18.9,90.1,916.0,843.1
29:06:2026 07:12,18.9,90.2,916.0,842.7
29:06:2026 07:13,19.0,89.3,916.1,842.3
29:06:2026 07:14,19.0,89.9,916.1,842.1
29:06:2026 07:15,19.0,89.7,916.1,842.0
29:06:2026 07:16,19.0,88.3,916.1,842.2
29:06:2026 07:18,19.0,86.4,916.1,842.5
29:06:2026 07:19,19.1,87.6,916.1,842.4
29:06:2026 07:20,19.1,88.5,916.1,842.3
29:06:2026 07:21,19.2,87.3,916.1,842.3
29:06:2026 07:22,19.2,87.6,916.2,841.5
29:06:2026 07:23,19.2,88.2,916.2,841.4
29:06:2026 07:24,19.2,88.4,916.2,841.6
29:06:2026 07:25,19.3,88.5,916.1,841.7
29:06:2026 07:26,19.3,88.5,916.1,842.0
29:06:2026 07:27,19.4,88.4,916.1,842.0
29:06:2026 07:28,19.4,88.4,916.2,841.6
29:06:2026 07:30,19.4,88.5,916.2,841.4
29:06:2026 07:31,19.4,88.2,916.3,840.7
29:06:2026 07:32,19.4,88.3,916.3,840.4
29:06:2026 07:33,19.5,88.3,916.3,840.7
29:06:2026 07:34,19.5,88.2,916.2,841.2
29:06:2026 07:35,19.5,88.3,916.1,841.9
29:06:2026 07:36,19.4,85.0,916.1,841.8
29:06:2026 07:37,19.4,87.7,916.1,841.8
29:06:2026 07:38,19.5,87.8,916.1,842.0
29:06:2026 07:39,19.5,87.9,916.1,842.1
29:06:2026 07:41,19.5,87.9,916.1,842.1
29:06:2026 07:42,19.7,88.0,916.1,841.8
29:06:2026 07:43,19.6,88.1,916.2,841.7
29:06:2026 07:44,19.6,88.1,916.2,841.1
29:06:2026 07:45,19.7,88.0,916.2,841.0
29:06:2026 07:46,19.7,88.0,916.3,840.8
29:06:2026 07:47,19.8,87.9,916.3,840.5
29:06:2026 07:48,19.8,87.8,916.3,840.5
29:06:2026 07:49,19.8,87.8,916.3,840.6
29:06:2026 07:50,19.8,87.9,916.3,840.4
29:06:2026 07:51,19.9,87.9,916.3,840.4
29:06:2026 07:53,19.9,87.9,916.3,840.5
29:06:2026 07:54,19.9,87.7,916.3,840.5
29:06:2026 07:55,20.0,87.6,916.3,840.7
29:06:2026 07:56,19.9,87.5,916.2,841.1
29:06:2026 07:57,20.0,87.7,916.2,840.9
29:06:2026 07:58,20.0,87.5,916.3,840.6
29:06:2026 07:59,19.9,87.7,916.3,840.4
29:06:2026 08:00,20.0,87.5,916.3,840.0
29:06:2026 08:01,20.1,87.4,916.4,839.8
29:06:2026 08:02,20.1,87.3,916.4,839.5
29:06:2026 08:04,20.2,86.8,916.3,840.0
29:06:2026 08:05,20.1,86.8,916.3,840.0
29:06:2026 08:06,20.2,86.6,916.4,839.4
29:06:2026 08:07,20.2,86.5,916.4,839.5
29:06:2026 08:08,20.3,86.5,916.5,838.2
29:06:2026 08:09,20.3,86.5,916.6,837.6
29:06:2026 08:10,20.4,86.1,916.6,837.6
29:06:2026 08:11,20.4,86.2,916.6,837.3
29:06:2026 08:12,20.4,86.1,916.7,836.9
29:06:2026 08:13,20.4,85.9,916.7,836.5
29:06:2026 08:14,20.5,86.0,916.8,836.2
29:06:2026 08:16,20.5,85.7,916.8,836.0
29:06:2026 08:17,20.5,85.7,916.8,836.3
29:06:2026 08:18,20.5,85.4,916.7,836.6
29:06:2026 08:19,20.6,85.5,916.8,836.3
29:06:2026 08:20,20.6,85.3,916.8,835.8
29:06:2026 08:21,20.6,85.3,916.8,836.1
29:06:2026 08:22,20.6,85.1,916.7,837.0
29:06:2026 08:23,20.6,84.5,916.7,837.0
29:06:2026 08:24,20.6,84.6,916.7,836.4
29:06:2026 08:25,20.6,85.2,916.8,836.0
29:06:2026 08:27,20.6,85.4,916.7,836.9
29:06:2026 08:28,20.5,84.3,916.6,837.4
29:06:2026 08:29,20.6,85.0,916.6,837.8
29:06:2026 08:30,20.6,85.4,916.6,838.1
29:06:2026 08:31,20.7,85.1,916.5,838.4
29:06:2026 08:32,20.6,85.3,916.5,838.5
29:06:2026 08:33,20.6,85.5,916.5,838.9
29:06:2026 08:34,20.6,85.3,916.4,839.8
29:06:2026 08:35,20.6,85.3,916.3,840.4
29:06:2026 08:36,20.6,85.4,916.3,840.4
29:06:2026 08:38,20.6,85.3,916.3,840.5
29:06:2026 08:39,20.6,85.7,916.3,840.5
29:06:2026 08:40,20.6,85.7,916.3,840.4
29:06:2026 08:41,20.5,85.5,916.4,839.6
29:06:2026 08:42,20.6,85.6,916.4,839.2
29:06:2026 08:43,20.5,86.0,916.5,838.6
29:06:2026 08:44,20.5,86.0,916.5,838.2
29:06:2026 08:45,20.5,86.1,916.5,838.1
29:06:2026 08:46,20.6,86.3,916.5,838.4
29:06:2026 08:47,20.6,86.0,916.6,838.1
29:06:2026 08:48,20.6,86.2,916.6,837.7
29:06:2026 08:50,20.6,86.1,916.6,837.8
29:06:2026 08:51,20.6,85.9,916.6,837.8
29:06:2026 08:52,20.6,86.0,916.6,837.6
29:06:2026 08:53,20.6,86.1,916.7,837.2
29:06:2026 08:54,20.6,85.9,916.7,836.8
29:06:2026 08:55,20.6,85.9,916.7,836.5
29:06:2026 08:56,20.6,86.1,916.7,836.3
29:06:2026 08:57,20.6,86.1,916.8,836.1
29:06:2026 08:58,20.6,86.3,916.8,836.1
29:06:2026 08:59,20.6,86.4,916.8,836.0
29:06:2026 09:00,20.6,86.0,916.8,836.2
29:06:2026 09:01,20.7,86.1,916.8,836.1
29:06:2026 09:03,20.7,85.9,916.8,835.8
29:06:2026 09:04,20.6,86.4,916.8,835.6
29:06:2026 09:05,20.7,86.3,916.9,835.1
29:06:2026 09:06,20.6,86.4,916.9,834.9
29:06:2026 09:07,20.7,86.4,916.9,834.6
29:06:2026 09:08,20.6,85.7,917.0,834.3
29:06:2026 09:09,20.6,86.3,917.0,833.8
29:06:2026 09:10,20.7,86.1,917.1,833.1
29:06:2026 09:11,20.6,86.3,917.1,832.8
29:06:2026 09:12,20.7,86.4,917.2,832.5
29:06:2026 09:14,20.7,86.4,917.2,832.4
29:06:2026 09:15,20.7,86.3,917.2,832.2
29:06:2026 09:16,20.7,86.2,917.2,832.0
29:06:2026 09:17,20.8,85.7,917.2,832.2
29:06:2026 09:18,20.8,85.7,917.2,832.4
29:06:2026 09:19,20.7,86.2,917.1,832.9
29:06:2026 09:20,20.7,86.3,917.1,833.2
29:06:2026 09:21,20.7,86.4,917.1,833.4
29:06:2026 09:22,20.7,86.3,917.1,833.4
29:06:2026 09:23,20.7,86.4,917.1,833.2
29:06:2026 09:24,20.7,86.2,917.1,833.2
29:06:2026 09:26,20.7,86.4,917.1,833.0
29:06:2026 09:27,20.8,86.0,917.2,832.5
29:06:2026 09:28,20.7,86.0,917.2,832.5
29:06:2026 09:29,20.8,86.2,917.2,832.3
29:06:2026 09:30,20.9,85.6,917.2,832.1
29:06:2026 09:31,20.8,85.7,917.2,832.1
29:06:2026 09:32,20.8,85.9,917.2,832.4
29:06:2026 09:33,20.8,85.9,917.1,832.7
29:06:2026 09:34,20.7,86.2,917.1,833.0
29:06:2026 09:35,20.7,86.4,917.1,833.0
29:06:2026 09:36,20.8,86.4,917.1,833.0
29:06:2026 09:38,20.8,86.1,917.1,833.6
29:06:2026 09:39,20.8,86.3,917.0,833.9
29:06:2026 09:40,20.8,86.3,917.0,834.1
29:06:2026 09:41,20.8,86.3,917.0,834.1
29:06:2026 09:42,20.8,86.1,917.0,833.9
29:06:2026 09:43,20.8,86.2,917.1,833.5
29:06:2026 09:44,20.9,86.0,917.1,833.6
29:06:2026 09:45,20.9,85.7,917.1,833.6
29:06:2026 09:46,20.9,85.5,917.0,833.9
29:06:2026 09:47,20.9,85.6,917.0,834.3
29:06:2026 09:48,20.9,85.7,917.0,834.4
29:06:2026 09:50,20.9,85.7,917.0,834.0
29:06:2026 09:51,20.8,85.8,917.0,833.9
29:06:2026 09:52,20.9,85.6,917.0,834.0
29:06:2026 09:53,20.9,85.7,917.0,834.0
29:06:2026 09:54,20.9,85.6,917.1,833.6
29:06:2026 10:25,20.7,86.4,917.1,832.7
